{"stats":{"minecraft:broken":{"minecraft:iron_hoe":1,"minecraft:shield":1,"minecraft:iron_pickaxe":1,"minecraft:iron_shovel":1,"minecraft:diamond_hoe":1},"minecraft:mined":{"minecraft:dark_oak_planks":9,"minecraft:white_bed":6,"minecraft:cherry_log":48,"minecraft:jungle_leaves":276,"minecraft:obsidian":36,"minecraft:potted_dead_bush":1,"minecraft:granite":22,"minecraft:jungle_log":1514,"minecraft:deepslate_bricks":233,"minecraft:bamboo_block":7,"minecraft:oxeye_daisy":5,"minecraft:nether_wart":3,"minecraft:chiseled_stone_bricks":6,"minecraft:polished_blackstone_bricks":10,"minecraft:tall_seagrass":1,"minecraft:magma_block":2,"minecraft:fire":177,"minecraft:moss_carpet":14,"minecraft:deepslate_lapis_ore":1,"minecraft:fletching_table":1,"minecraft:nether_brick_stairs":2,"minecraft:sculk_shrieker":9,"minecraft:dirt_path":16,"minecraft:quartz_slab":12,"minecraft:deepslate_brick_stairs":183,"minecraft:green_carpet":3,"minecraft:white_shulker_box":18,"minecraft:iron_block":283,"minecraft:deepslate_brick_wall":136,"minecraft:torch":107,"minecraft:blast_furnace":8,"minecraft:melon":4,"minecraft:white_stained_glass_pane":4,"minecraft:glass":170,"minecraft:sugar_cane":1214,"minecraft:damaged_anvil":1,"minecraft:cherry_slab":3,"minecraft:waxed_copper_bulb":1,"minecraft:repeater":1,"minecraft:wheat":13,"minecraft:waxed_copper_block":2,"minecraft:stone_brick_stairs":1,"minecraft:red_mushroom_block":1,"minecraft:stonecutter":1,"minecraft:deepslate":1225,"minecraft:pink_shulker_box":1,"minecraft:light_gray_stained_glass_pane":63,"minecraft:mossy_cobblestone":4,"minecraft:dark_oak_log":139,"minecraft:end_stone":331,"minecraft:shulker_box":7,"minecraft:waxed_oxidized_chiseled_copper":2,"minecraft:jungle_planks":1,"minecraft:moss_block":170,"minecraft:red_mushroom":2,"minecraft:waxed_oxidized_cut_copper":1,"minecraft:jungle_sapling":3,"minecraft:waxed_copper_grate":2,"minecraft:snow":2,"minecraft:andesite":27,"minecraft:potatoes":4,"minecraft:cobblestone_slab":33,"minecraft:vine":127,"minecraft:rail":48,"minecraft:bamboo":27,"minecraft:bone_block":59,"minecraft:ender_chest":3,"minecraft:smithing_table":1,"minecraft:glass_pane":17,"minecraft:cherry_planks":95,"minecraft:comparator":2,"minecraft:soul_sand":45,"minecraft:stone_brick_slab":2,"minecraft:observer":1,"minecraft:dandelion":5,"minecraft:smooth_sandstone":4,"minecraft:cornflower":1,"minecraft:short_grass":291,"minecraft:emerald_ore":2,"minecraft:purpur_pillar":2,"minecraft:copper_ore":27,"minecraft:tall_grass":35,"minecraft:deepslate_gold_ore":7,"minecraft:diorite":163,"minecraft:spruce_log":1700,"minecraft:birch_leaves":3,"minecraft:sunflower":4,"minecraft:gravel":246,"minecraft:dripstone_block":147,"minecraft:cobweb":2,"minecraft:stone_bricks":21,"minecraft:chipped_anvil":1,"minecraft:gold_ore":6,"minecraft:fern":3,"minecraft:spruce_planks":357,"minecraft:mossy_stone_brick_slab":1,"minecraft:jungle_slab":1,"minecraft:sculk_vein":428,"minecraft:brewing_stand":1,"minecraft:spruce_trapdoor":11,"minecraft:cave_vines_plant":1,"minecraft:grass_block":1373,"minecraft:cracked_polished_blackstone_bricks":5,"minecraft:soul_soil":2,"minecraft:polished_blackstone_brick_slab":4,"minecraft:frosted_ice":4,"minecraft:tuff_bricks":11,"minecraft:raw_iron_block":2,"minecraft:glowstone":45,"minecraft:sculk_catalyst":9,"minecraft:iron_ore":136,"minecraft:azure_bluet":7,"minecraft:dark_oak_stairs":1,"minecraft:pointed_dripstone":15,"minecraft:iron_bars":1,"minecraft:azalea":2,"minecraft:end_stone_bricks":10,"minecraft:spruce_slab":3,"minecraft:deepslate_redstone_ore":2,"minecraft:jungle_door":1,"minecraft:quartz_block":2,"minecraft:blackstone":246,"minecraft:twisting_vines_plant":1,"minecraft:purpur_stairs":1,"minecraft:clay":1,"minecraft:jungle_stairs":80,"minecraft:beacon":3,"minecraft:chest":44,"minecraft:nether_quartz_ore":640,"minecraft:cobblestone":573,"minecraft:oak_planks":57,"minecraft:wall_torch":79,"minecraft:pink_petals":37,"minecraft:warped_nylium":6,"minecraft:powered_rail":5,"minecraft:yellow_wool":3,"minecraft:tnt":4,"minecraft:purpur_block":1,"minecraft:smooth_stone_slab":4,"minecraft:oak_log":113,"minecraft:sand":153,"minecraft:dirt":841,"minecraft:dispenser":1,"minecraft:netherrack":9488,"minecraft:ancient_debris":15,"minecraft:oak_leaves":35,"minecraft:nether_gold_ore":10,"minecraft:crying_obsidian":6,"minecraft:tuff":31,"minecraft:quartz_stairs":2,"minecraft:dark_oak_leaves":149,"minecraft:deepslate_diamond_ore":147,"minecraft:oak_door":1,"minecraft:decorated_pot":15,"minecraft:spruce_leaves":31,"minecraft:hay_block":33,"minecraft:deepslate_brick_slab":194,"minecraft:spruce_sapling":1,"minecraft:furnace":46,"minecraft:carrots":34,"minecraft:polished_basalt":2,"minecraft:light_gray_shulker_box":79,"minecraft:gold_block":1,"minecraft:polished_deepslate":19,"minecraft:bookshelf":133,"minecraft:deepslate_iron_ore":186,"minecraft:lantern":33,"minecraft:packed_ice":3,"minecraft:chorus_plant":6,"minecraft:stone":7871,"minecraft:cherry_stairs":30,"minecraft:redstone_wall_torch":1,"minecraft:scaffolding":147,"minecraft:flowering_azalea":1,"minecraft:magenta_stained_glass":1,"minecraft:snow_block":1,"minecraft:basalt":118,"minecraft:spruce_door":3,"minecraft:oak_fence":1,"minecraft:crafting_table":40,"minecraft:rose_bush":2,"minecraft:sculk_sensor":48,"minecraft:lectern":2,"minecraft:stone_slab":33,"minecraft:polished_blackstone_brick_stairs":14,"minecraft:sculk":5736,"minecraft:spruce_stairs":32,"minecraft:bamboo_trapdoor":2,"minecraft:redstone_torch":4,"minecraft:yellow_bed":11,"minecraft:coal_ore":341,"minecraft:cherry_leaves":44,"minecraft:flower_pot":1},"minecraft:killed_by":{"minecraft:creeper":1,"minecraft:piglin":1,"minecraft:player":2,"minecraft:spider":1,"minecraft:enderman":2,"minecraft:skeleton":1},"minecraft:custom":{"minecraft:interact_with_crafting_table":235,"minecraft:open_barrel":42,"minecraft:bell_ring":1,"minecraft:leave_game":54,"minecraft:time_since_death":16261,"minecraft:damage_blocked_by_shield":5681,"minecraft:play_time":2443678,"minecraft:deaths":19,"minecraft:jump":33360,"minecraft:interact_with_furnace":274,"minecraft:traded_with_villager":972,"minecraft:sleep_in_bed":70,"minecraft:damage_dealt":66720,"minecraft:interact_with_smoker":3,"minecraft:inspect_dispenser":16,"minecraft:interact_with_smithing_table":9,"minecraft:inspect_dropper":4,"minecraft:interact_with_anvil":46,"minecraft:inspect_hopper":8,"minecraft:sneak_time":172563,"minecraft:interact_with_blast_furnace":34,"minecraft:total_world_time":2443678,"minecraft:interact_with_stonecutter":4,"minecraft:time_since_rest":16296,"minecraft:swim_one_cm":717828,"minecraft:fly_one_cm":6600857,"minecraft:open_chest":1738,"minecraft:fall_one_cm":1065009,"minecraft:animals_bred":2,"minecraft:open_shulker_box":208,"minecraft:sprint_one_cm":5100779,"minecraft:drop":1001,"minecraft:talked_to_villager":305,"minecraft:interact_with_brewingstand":51,"minecraft:walk_on_water_one_cm":327260,"minecraft:open_enderchest":43,"minecraft:interact_with_beacon":9,"minecraft:player_kills":2,"minecraft:crouch_one_cm":674008,"minecraft:mob_kills":463,"minecraft:interact_with_campfire":7,"minecraft:climb_one_cm":250509,"minecraft:walk_one_cm":5859552,"minecraft:raid_win":1,"minecraft:walk_under_water_one_cm":381452,"minecraft:boat_one_cm":956250,"minecraft:interact_with_grindstone":2,"minecraft:damage_taken":41131,"minecraft:damage_absorbed":211,"minecraft:aviate_one_cm":17526804},"minecraft:used":{"minecraft:waxed_oxidized_copper_door":1,"minecraft:moss_block":20,"minecraft:tuff_bricks":6,"minecraft:dispenser":12,"minecraft:spruce_slab":37,"minecraft:elytra":30,"minecraft:chest":97,"minecraft:stone":880,"minecraft:white_shulker_box":18,"minecraft:quartz_stairs":30,"minecraft:soul_sand":16,"minecraft:deepslate_brick_slab":456,"minecraft:jungle_sapling":69,"minecraft:lava_bucket":7,"minecraft:netherite_shovel":921,"minecraft:grass_block":246,"minecraft:quartz_block":15,"minecraft:netherite_hoe":1929,"minecraft:netherite_boots":4,"minecraft:bow":171,"minecraft:furnace":57,"minecraft:egg":15,"minecraft:potato":102,"minecraft:deepslate_brick_wall":540,"minecraft:mossy_stone_bricks":22,"minecraft:diorite":14,"minecraft:end_stone_bricks":4,"minecraft:spruce_door":6,"minecraft:chorus_fruit":28,"minecraft:wooden_pickaxe":11,"minecraft:composter":2,"minecraft:purpur_pillar":2,"minecraft:jungle_boat":5,"minecraft:glow_berries":2,"minecraft:golden_apple":5,"minecraft:respawn_anchor":1,"minecraft:sand":258,"minecraft:blast_furnace":10,"minecraft:netherite_helmet":4,"minecraft:deepslate_brick_stairs":437,"minecraft:lectern":2,"minecraft:fire_charge":1,"minecraft:diamond_sword":851,"minecraft:smithing_table":2,"minecraft:oak_boat":3,"minecraft:polished_blackstone_brick_slab":41,"minecraft:stone_sword":28,"minecraft:enchanting_table":1,"minecraft:armor_stand":3,"minecraft:trial_key":5,"minecraft:netherrack":335,"minecraft:torch":1096,"minecraft:light_gray_shulker_box":79,"minecraft:brewing_stand":1,"minecraft:anvil":1,"minecraft:iron_block":279,"minecraft:iron_axe":191,"minecraft:cherry_slab":3,"minecraft:jungle_log":9,"minecraft:totem_of_undying":1,"minecraft:diamond_chestplate":2,"minecraft:glowstone":29,"minecraft:beef":4,"minecraft:pointed_dripstone":10,"minecraft:cobbled_deepslate":134,"minecraft:observer":11,"minecraft:wheat_seeds":10,"minecraft:water_bucket":262,"minecraft:chiseled_bookshelf":12,"minecraft:waxed_oxidized_cut_copper":1,"minecraft:cherry_planks":15,"minecraft:fletching_table":1,"minecraft:spruce_fence_gate":9,"minecraft:deepslate_bricks":565,"minecraft:polished_blackstone_bricks":24,"minecraft:mossy_cobblestone":115,"minecraft:rail":31,"minecraft:comparator":2,"minecraft:tnt":200,"minecraft:crafting_table":52,"minecraft:white_bed":42,"minecraft:campfire":1,"minecraft:spruce_log":281,"minecraft:ender_eye":5,"minecraft:diamond_pickaxe":11707,"minecraft:ominous_trial_key":4,"minecraft:diamond_shovel":778,"minecraft:sunflower":2,"minecraft:wind_charge":35,"minecraft:iron_pickaxe":298,"minecraft:spruce_trapdoor":29,"minecraft:spruce_sapling":61,"minecraft:chiseled_stone_bricks":58,"minecraft:green_carpet":3,"minecraft:enchanted_book":5,"minecraft:cobblestone":1609,"minecraft:potion":31,"minecraft:cooked_porkchop":7,"minecraft:porkchop":3,"minecraft:glass_pane":17,"minecraft:diamond_leggings":1,"minecraft:iron_shovel":1006,"minecraft:polished_deepslate":19,"minecraft:light_gray_stained_glass_pane":82,"minecraft:diamond_hoe":4561,"minecraft:polished_basalt":47,"minecraft:shield":128,"minecraft:iron_sword":44,"minecraft:nether_wart":17,"minecraft:iron_chestplate":2,"minecraft:waxed_oxidized_chiseled_copper":2,"minecraft:jungle_planks":104,"minecraft:carrot":319,"minecraft:waxed_copper_grate":2,"minecraft:tuff":13,"minecraft:obsidian":32,"minecraft:glass":355,"minecraft:quartz_slab":79,"minecraft:spruce_wood":2,"minecraft:lantern":97,"minecraft:polished_blackstone_brick_wall":28,"minecraft:warped_nylium":1,"minecraft:iron_helmet":2,"minecraft:stone_bricks":147,"minecraft:repeater":25,"minecraft:scaffolding":408,"minecraft:golden_boots":1,"minecraft:dark_oak_stairs":58,"minecraft:bamboo_trapdoor":2,"minecraft:diamond_boots":2,"minecraft:end_rod":1,"minecraft:dropper":1,"minecraft:stone_pickaxe":84,"minecraft:oak_planks":204,"minecraft:ender_pearl":10,"minecraft:sugar_cane":357,"minecraft:diamond_axe":3278,"minecraft:netherite_leggings":5,"minecraft:crossbow":23,"minecraft:dripstone_block":35,"minecraft:end_stone":285,"minecraft:redstone_torch":1,"minecraft:lever":2,"minecraft:firework_rocket":716,"minecraft:mace":12,"minecraft:dark_oak_log":50,"minecraft:bread":50,"minecraft:gravel":9,"minecraft:andesite":6,"minecraft:bone_meal":198,"minecraft:experience_bottle":26,"minecraft:oak_fence":1,"minecraft:cherry_boat":3,"minecraft:purpur_block":1,"minecraft:netherite_sword":314,"minecraft:flint_and_steel":145,"minecraft:redstone":4,"minecraft:spruce_planks":1997,"minecraft:ender_chest":2,"minecraft:stone_hoe":33,"minecraft:oak_door":3,"minecraft:dirt":1227,"minecraft:hopper":25,"minecraft:spruce_stairs":224,"minecraft:diamond_helmet":3,"minecraft:shulker_box":7,"minecraft:spruce_fence":27,"minecraft:granite":3,"minecraft:dark_oak_planks":79,"minecraft:iron_hoe":336,"minecraft:wooden_axe":24,"minecraft:bookshelf":33,"minecraft:smooth_sandstone":4,"minecraft:polished_blackstone_brick_stairs":38,"minecraft:iron_boots":2,"minecraft:golden_carrot":101,"minecraft:white_stained_glass_pane":46,"minecraft:minecart":1,"minecraft:netherite_pickaxe":11504,"minecraft:iron_leggings":2,"minecraft:quartz_bricks":11,"minecraft:cobblestone_stairs":4,"minecraft:baked_potato":472,"minecraft:glass_bottle":27,"minecraft:netherite_chestplate":29,"minecraft:spruce_sign":16,"minecraft:beacon":3,"minecraft:cobblestone_slab":1272,"minecraft:waxed_copper_block":2,"minecraft:bamboo_block":7,"minecraft:smoker":3,"minecraft:netherite_axe":1318,"minecraft:jungle_stairs":80,"minecraft:stone_slab":986,"minecraft:stone_axe":46,"minecraft:pink_petals":20,"minecraft:cherry_stairs":30,"minecraft:jungle_door":6,"minecraft:bucket":285,"minecraft:yellow_bed":16},"minecraft:crafted":{"minecraft:yellow_wool":3,"minecraft:smooth_stone":9,"minecraft:blaze_powder":26,"minecraft:diamond_shovel":1,"minecraft:bookshelf":44,"minecraft:shulker_box":3,"minecraft:deepslate_brick_stairs":284,"minecraft:mace":1,"minecraft:quartz_block":99,"minecraft:glass":104,"minecraft:diamond_helmet":1,"minecraft:repeater":17,"minecraft:diamond_leggings":1,"minecraft:polished_blackstone":128,"minecraft:white_shulker_box":1,"minecraft:glass_bottle":6,"minecraft:emerald":769,"minecraft:diamond_axe":1,"minecraft:jungle_boat":3,"minecraft:spruce_door":6,"minecraft:smithing_table":1,"minecraft:mossy_cobblestone":111,"minecraft:campfire":1,"minecraft:bamboo_planks":14,"minecraft:stone_slab":1248,"minecraft:iron_pickaxe":2,"minecraft:iron_block":3,"minecraft:gold_ingot":9,"minecraft:light_gray_dye":12,"minecraft:netherite_ingot":8,"minecraft:composter":2,"minecraft:spruce_fence_gate":9,"minecraft:polished_blackstone_bricks":128,"minecraft:golden_carrot":57,"minecraft:stone_shovel":25,"minecraft:smooth_stone_slab":6,"minecraft:iron_nugget":630,"minecraft:diamond_hoe":5,"minecraft:yellow_bed":2,"minecraft:bone_meal":192,"minecraft:spruce_fence":36,"minecraft:lantern":86,"minecraft:spruce_stairs":228,"minecraft:deepslate_brick_wall":432,"minecraft:light_gray_shulker_box":2,"minecraft:spruce_slab":246,"minecraft:cherry_stairs":24,"minecraft:stone_pickaxe":1,"minecraft:diamond_boots":1,"minecraft:quartz_slab":72,"minecraft:dark_oak_planks":356,"minecraft:wheat":297,"minecraft:crossbow":1,"minecraft:polished_blackstone_brick_slab":42,"minecraft:enchanting_table":1,"minecraft:deepslate_brick_slab":294,"minecraft:glowstone":17,"minecraft:enchanted_book":37,"minecraft:polished_blackstone_brick_wall":42,"minecraft:wooden_axe":1,"minecraft:armor_stand":3,"minecraft:iron_shovel":8,"minecraft:iron_leggings":2,"minecraft:white_bed":43,"minecraft:oak_planks":288,"minecraft:cobblestone_slab":1716,"minecraft:cherry_slab":6,"minecraft:quartz_bricks":16,"minecraft:cobblestone_stairs":4,"minecraft:stone":3935,"minecraft:bamboo_block":7,"minecraft:hopper":24,"minecraft:bow":11,"minecraft:iron_boots":2,"minecraft:chest":95,"minecraft:polished_basalt":108,"minecraft:jungle_stairs":120,"minecraft:netherite_upgrade_smithing_template":18,"minecraft:rail":32,"minecraft:stone_hoe":1,"minecraft:ender_eye":16,"minecraft:respawn_anchor":1,"minecraft:smoker":5,"minecraft:dropper":1,"minecraft:quartz_stairs":28,"minecraft:oak_slab":6,"minecraft:arrow":384,"minecraft:crafting_table":26,"minecraft:spruce_planks":5504,"minecraft:wooden_pickaxe":1,"minecraft:iron_helmet":1,"minecraft:brewing_stand":1,"minecraft:white_stained_glass_pane":64,"minecraft:dispenser":10,"minecraft:tnt":64,"minecraft:spruce_trapdoor":26,"minecraft:iron_chestplate":1,"minecraft:paper":2886,"minecraft:diamond_pickaxe":2,"minecraft:charcoal":1,"minecraft:yellow_dye":3,"minecraft:shield":3,"minecraft:stick":14995,"minecraft:light_blue_dye":2,"minecraft:netherite_hoe":1,"minecraft:iron_ingot":1121,"minecraft:stone_sword":1,"minecraft:polished_blackstone_brick_stairs":28,"minecraft:redstone_torch":34,"minecraft:deepslate_bricks":816,"minecraft:shears":1,"minecraft:light_gray_stained_glass_pane":88,"minecraft:cherry_planks":180,"minecraft:oak_door":6,"minecraft:raw_iron":18,"minecraft:light_gray_stained_glass":16,"minecraft:mossy_stone_bricks":22,"minecraft:blast_furnace":2,"minecraft:furnace":70,"minecraft:glass_pane":160,"minecraft:flint_and_steel":5,"minecraft:scaffolding":96,"minecraft:polished_deepslate":880,"minecraft:iron_axe":1,"minecraft:spruce_wood":3,"minecraft:iron_hoe":2,"minecraft:chiseled_bookshelf":30,"minecraft:netherite_scrap":34,"minecraft:minecart":1,"minecraft:observer":10,"minecraft:diamond_sword":1,"minecraft:spruce_sign":18,"minecraft:dark_oak_stairs":60,"minecraft:iron_sword":1,"minecraft:bucket":16,"minecraft:stone_axe":13,"minecraft:air":0,"minecraft:bread":99,"minecraft:jungle_planks":5696,"minecraft:blue_dye":1,"minecraft:oak_boat":1,"minecraft:jungle_door":12,"minecraft:gold_nugget":468,"minecraft:white_dye":10,"minecraft:anvil":1,"minecraft:torch":1104,"minecraft:bamboo_trapdoor":4,"minecraft:diamond_chestplate":2,"minecraft:firework_rocket":384},"minecraft:dropped":{"minecraft:iron_sword":1,"minecraft:ominous_bottle":1,"minecraft:lapis_lazuli":72,"minecraft:glow_ink_sac":3,"minecraft:glass_bottle":6,"minecraft:crafting_table":3,"minecraft:crossbow":2,"minecraft:warped_roots":6,"minecraft:rail":3,"minecraft:red_mushroom":4,"minecraft:item_frame":2,"minecraft:emerald":3,"minecraft:dirt":224,"minecraft:gold_nugget":79,"minecraft:sunflower":3,"minecraft:phantom_membrane":3,"minecraft:sand":60,"minecraft:sugar":2,"minecraft:white_wool":17,"minecraft:bone":91,"minecraft:oak_door":3,"minecraft:stone_axe":15,"minecraft:sugar_cane":7,"minecraft:ancient_debris":11,"minecraft:cooked_chicken":2,"minecraft:cobbled_deepslate":240,"minecraft:netherite_sword":1,"minecraft:wheat":2,"minecraft:deepslate_brick_slab":1,"minecraft:rotten_flesh":141,"minecraft:oak_planks":24,"minecraft:glowstone_dust":8,"minecraft:white_bed":6,"minecraft:tipped_arrow":77,"minecraft:jungle_stairs":117,"minecraft:jungle_log":3,"minecraft:leather_boots":1,"minecraft:leather_leggings":1,"minecraft:spruce_slab":129,"minecraft:end_stone_bricks":6,"minecraft:glass":176,"minecraft:crying_obsidian":3,"minecraft:egg":7,"minecraft:enchanted_book":3,"minecraft:golden_boots":1,"minecraft:iron_ingot":2,"minecraft:netherite_pickaxe":5,"minecraft:wheat_seeds":74,"minecraft:deepslate_brick_wall":37,"minecraft:dripstone_block":23,"minecraft:oak_fence":1,"minecraft:cobblestone":822,"minecraft:waxed_copper_grate":2,"minecraft:granite":16,"minecraft:coal":9,"minecraft:end_rod":4,"minecraft:gray_wool":12,"minecraft:golden_carrot":13,"minecraft:wooden_axe":1,"minecraft:cherry_planks":18,"minecraft:diamond_helmet":1,"minecraft:potion":3,"minecraft:oak_stairs":1,"minecraft:white_banner":1,"minecraft:iron_shovel":3,"minecraft:paper":44,"minecraft:string":23,"minecraft:spruce_sapling":9,"minecraft:bamboo_planks":2,"minecraft:moss_carpet":48,"minecraft:stone_sword":4,"minecraft:diamond_hoe":1,"minecraft:stone_shovel":27,"minecraft:chicken":3,"minecraft:clay_ball":4,"minecraft:cherry_slab":3,"minecraft:stone_slab":304,"minecraft:diamond_sword":1,"minecraft:potato":4,"minecraft:cobblestone_slab":207,"minecraft:stone":77,"minecraft:spruce_trapdoor":2,"minecraft:spruce_planks":22,"minecraft:diamond_pickaxe":1,"minecraft:pink_shulker_box":1,"minecraft:bamboo":4,"minecraft:spider_eye":6,"minecraft:stone_bricks":6,"minecraft:light_gray_dye":1,"minecraft:bow":3,"minecraft:magma_block":2,"minecraft:black_wool":1,"minecraft:quartz_slab":4,"minecraft:nether_brick_stairs":1,"minecraft:bamboo_trapdoor":4,"minecraft:diamond_axe":1,"minecraft:baked_potato":104,"minecraft:ender_pearl":1,"minecraft:decorated_pot":1,"minecraft:lantern":14,"minecraft:leather":12,"minecraft:honeycomb":12,"minecraft:flint":26,"minecraft:cracked_polished_blackstone_bricks":4,"minecraft:mace":1,"minecraft:mutton":12,"minecraft:snowball":6,"minecraft:polished_blackstone_bricks":2,"minecraft:gold_ingot":9,"minecraft:gravel":167,"minecraft:blackstone":79,"minecraft:cherry_stairs":24,"minecraft:twisting_vines":4,"minecraft:pointed_dripstone":8,"minecraft:cherry_sapling":28,"minecraft:carrot":21,"minecraft:leather_chestplate":2,"minecraft:gunpowder":4,"minecraft:azalea":10,"minecraft:chest":5,"minecraft:arrow":148,"minecraft:scaffolding":17,"minecraft:quartz":435,"minecraft:netherrack":6545,"minecraft:firework_rocket":1,"minecraft:stone_hoe":3,"minecraft:bread":52,"minecraft:oak_slab":6,"minecraft:cherry_log":1,"minecraft:diamond_leggings":1,"minecraft:lead":2,"minecraft:polished_tuff":1,"minecraft:tropical_fish":1,"minecraft:grass_block":9,"minecraft:stick":84,"minecraft:diorite":29,"minecraft:torch":108,"minecraft:repeater":2,"minecraft:brown_wool":1,"minecraft:waxed_copper_bulb":2,"minecraft:light_gray_stained_glass":4,"minecraft:flowering_azalea":3,"minecraft:iron_axe":3,"minecraft:pink_petals":187,"minecraft:dandelion":2,"minecraft:redstone":31,"minecraft:tuff_bricks":7,"minecraft:nether_wart":1,"minecraft:raw_copper":128,"minecraft:tuff":21,"minecraft:raw_iron":13,"minecraft:comparator":4,"minecraft:flint_and_steel":7,"minecraft:filled_map":1,"minecraft:shield":2,"minecraft:trial_key":2,"minecraft:oak_button":2,"minecraft:diamond_chestplate":1,"minecraft:iron_chestplate":1,"minecraft:andesite":21,"minecraft:oak_sapling":1,"minecraft:diamond_boots":2,"minecraft:spruce_log":12,"minecraft:stone_pickaxe":1,"minecraft:wooden_pickaxe":1,"minecraft:raw_gold":5,"minecraft:nether_quartz_ore":2,"minecraft:waxed_oxidized_copper_grate":1},"minecraft:picked_up":{"minecraft:iron_chestplate":5,"minecraft:flower_pot":1,"minecraft:lead":2,"minecraft:smithing_table":1,"minecraft:stone_slab":114,"minecraft:diamond_sword":8,"minecraft:oak_stairs":1,"minecraft:enchanted_book":18,"minecraft:brewing_stand":1,"minecraft:polished_deepslate":19,"minecraft:polished_blackstone_brick_stairs":12,"minecraft:string":29,"minecraft:cherry_boat":3,"minecraft:diamond_leggings":9,"minecraft:gold_nugget":79,"minecraft:cobbled_deepslate":1263,"minecraft:spruce_planks":603,"minecraft:trial_key":7,"minecraft:netherite_upgrade_smithing_template":1,"minecraft:melon_slice":108,"minecraft:polished_blackstone_brick_slab":4,"minecraft:purpur_pillar":2,"minecraft:cherry_log":46,"minecraft:waxed_copper_grate":4,"minecraft:golden_chestplate":1,"minecraft:bamboo_block":7,"minecraft:stone_sword":4,"minecraft:tropical_fish":1,"minecraft:polished_basalt":2,"minecraft:iron_block":313,"minecraft:glowstone":26,"minecraft:end_rod":5,"minecraft:netherite_chestplate":6,"minecraft:blaze_rod":13,"minecraft:snowball":6,"minecraft:magma_block":2,"minecraft:water_bucket":10,"minecraft:jungle_log":1520,"minecraft:brown_wool":1,"minecraft:smoker":4,"minecraft:flint":85,"minecraft:netherite_leggings":6,"minecraft:lantern":48,"minecraft:twisting_vines":4,"minecraft:chipped_anvil":1,"minecraft:stonecutter":1,"minecraft:diamond_helmet":9,"minecraft:glowstone_dust":76,"minecraft:moss_block":158,"minecraft:honeycomb":6,"minecraft:dark_oak_log":139,"minecraft:iron_hoe":3,"minecraft:dispenser":2,"minecraft:lever":1,"minecraft:granite":19,"minecraft:bread":109,"minecraft:cherry_slab":9,"minecraft:ominous_trial_key":14,"minecraft:diamond_pickaxe":15,"minecraft:crafting_table":49,"minecraft:ominous_bottle":7,"minecraft:nether_wart":53,"minecraft:clay_ball":4,"minecraft:leather_leggings":1,"minecraft:music_disc_creator":2,"minecraft:purpur_block":1,"minecraft:wind_charge":55,"minecraft:cornflower":1,"minecraft:elytra":8,"minecraft:flint_and_steel":1,"minecraft:iron_shovel":4,"minecraft:glass_pane":42,"minecraft:netherite_sword":7,"minecraft:beef":43,"minecraft:jungle_sapling":97,"minecraft:iron_nugget":3,"minecraft:spruce_slab":344,"minecraft:minecart":1,"minecraft:quartz_stairs":2,"minecraft:chest":39,"minecraft:diamond_hoe":2,"minecraft:egg":27,"minecraft:stone":253,"minecraft:oak_door":2,"minecraft:spruce_fence":17,"minecraft:flow_pottery_sherd":1,"minecraft:mace":8,"minecraft:carrot":169,"minecraft:redstone":168,"minecraft:netherite_pickaxe":11,"minecraft:tnt":136,"minecraft:waxed_oxidized_chiseled_copper":2,"minecraft:stone_shovel":3,"minecraft:diamond_chestplate":8,"minecraft:decorated_pot":3,"minecraft:deepslate_bricks":790,"minecraft:diamond_boots":10,"minecraft:hay_block":33,"minecraft:flow_armor_trim_smithing_template":2,"minecraft:gold_ingot":21,"minecraft:totem_of_undying":1,"minecraft:tuff_bricks":13,"minecraft:white_shulker_box":18,"minecraft:glow_berries":10,"minecraft:mutton":50,"minecraft:white_wool":62,"minecraft:bone_block":95,"minecraft:rail":53,"minecraft:oxeye_daisy":5,"minecraft:red_mushroom":4,"minecraft:filled_map":1,"minecraft:oak_log":204,"minecraft:ancient_debris":45,"minecraft:golden_boots":1,"minecraft:paper":21,"minecraft:white_banner":2,"minecraft:stone_bricks":58,"minecraft:stone_pickaxe":1,"minecraft:glass_bottle":13,"minecraft:iron_sword":4,"minecraft:flowering_azalea":3,"minecraft:dark_oak_stairs":1,"minecraft:white_stained_glass_pane":4,"minecraft:gravel":519,"minecraft:spruce_sapling":122,"minecraft:spruce_log":1829,"minecraft:crying_obsidian":10,"minecraft:polished_tuff":1,"minecraft:firework_rocket":563,"minecraft:diamond_shovel":7,"minecraft:bamboo_trapdoor":6,"minecraft:slime_ball":8,"minecraft:stone_axe":3,"minecraft:diamond_axe":9,"minecraft:gray_wool":12,"minecraft:warped_roots":6,"minecraft:oak_button":2,"minecraft:baked_potato":503,"minecraft:warped_nylium":1,"minecraft:hopper":10,"minecraft:ender_pearl":44,"minecraft:shulker_shell":4,"minecraft:wheat":2,"minecraft:ender_chest":2,"minecraft:light_gray_shulker_box":93,"minecraft:yellow_wool":3,"minecraft:potion":10,"minecraft:raw_copper":348,"minecraft:smooth_stone_slab":3,"minecraft:iron_leggings":4,"minecraft:netherite_ingot":1,"minecraft:pink_shulker_box":1,"minecraft:comparator":2,"minecraft:bucket":4,"minecraft:waxed_oxidized_copper_door":1,"minecraft:redstone_torch":6,"minecraft:cobblestone_slab":61,"minecraft:ender_eye":5,"minecraft:azalea":10,"minecraft:iron_pickaxe":4,"minecraft:iron_boots":4,"minecraft:furnace":60,"minecraft:tipped_arrow":77,"minecraft:stick":236,"minecraft:jungle_door":2,"minecraft:deepslate_brick_wall":291,"minecraft:oak_fence":2,"minecraft:torch":752,"minecraft:spruce_stairs":168,"minecraft:porkchop":10,"minecraft:netherite_shovel":6,"minecraft:pointed_dripstone":37,"minecraft:diorite":248,"minecraft:quartz_block":10,"minecraft:rotten_flesh":146,"minecraft:deepslate_brick_stairs":222,"minecraft:obsidian":44,"minecraft:cobblestone":12591,"minecraft:pink_petals":360,"minecraft:leather_chestplate":2,"minecraft:repeater":1,"minecraft:cherry_planks":258,"minecraft:andesite":27,"minecraft:beacon":3,"minecraft:potato":11,"minecraft:tuff":34,"minecraft:lapis_lazuli":72,"minecraft:dirt":4084,"minecraft:leather_boots":2,"minecraft:glass":917,"minecraft:bone":139,"minecraft:bow":9,"minecraft:wheat_seeds":86,"minecraft:deepslate_brick_slab":344,"minecraft:raw_gold":21,"minecraft:netherite_axe":6,"minecraft:fletching_table":1,"minecraft:bamboo":257,"minecraft:powered_rail":5,"minecraft:oak_planks":295,"minecraft:stone_hoe":3,"minecraft:ghast_tear":2,"minecraft:cooked_porkchop":13,"minecraft:sand":700,"minecraft:jungle_planks":1,"minecraft:nether_brick_stairs":1,"minecraft:mossy_cobblestone":4,"minecraft:grass_block":26,"minecraft:shulker_box":7,"minecraft:sugar":2,"minecraft:diamond":379,"minecraft:netherite_helmet":6,"minecraft:waxed_oxidized_copper_grate":1,"minecraft:cracked_polished_blackstone_bricks":4,"minecraft:crossbow":3,"minecraft:breeze_rod":17,"minecraft:bone_meal":39,"minecraft:golden_apple":3,"minecraft:emerald":257,"minecraft:oak_sapling":1,"minecraft:netherrack":6863,"minecraft:chorus_fruit":60,"minecraft:end_stone_bricks":10,"minecraft:waxed_oxidized_cut_copper":1,"minecraft:azure_bluet":7,"minecraft:chicken":3,"minecraft:gold_block":1,"minecraft:brick":35,"minecraft:shield":7,"minecraft:moss_carpet":48,"minecraft:iron_axe":1,"minecraft:item_frame":2,"minecraft:quartz_slab":11,"minecraft:blackstone":207,"minecraft:oak_boat":2,"minecraft:observer":1,"minecraft:light_gray_wool":1,"minecraft:lectern":2,"minecraft:sugar_cane":3189,"minecraft:spruce_trapdoor":19,"minecraft:phantom_membrane":3,"minecraft:dark_oak_sapling":4,"minecraft:raw_iron":677,"minecraft:end_stone":340,"minecraft:cherry_stairs":44,"minecraft:polished_blackstone_bricks":10,"minecraft:light_gray_stained_glass_pane":53,"minecraft:dark_oak_planks":9,"minecraft:arrow":727,"minecraft:jungle_stairs":80,"minecraft:netherite_boots":6,"minecraft:jungle_boat":2,"minecraft:basalt":110,"minecraft:golden_carrot":195,"minecraft:glow_ink_sac":3,"minecraft:leather":12,"minecraft:waxed_copper_bulb":2,"minecraft:waxed_copper_block":2,"minecraft:yellow_bed":15,"minecraft:gunpowder":342,"minecraft:smooth_sandstone":40,"minecraft:iron_ingot":112,"minecraft:cooked_chicken":2,"minecraft:soul_sand":40,"minecraft:book":1046,"minecraft:scaffolding":436,"minecraft:oak_slab":6,"minecraft:nether_quartz_ore":2,"minecraft:emerald_block":1,"minecraft:chiseled_stone_bricks":6,"minecraft:heavy_core":1,"minecraft:stone_brick_slab":1,"minecraft:quartz":822,"minecraft:dandelion":5,"minecraft:raw_iron_block":2,"minecraft:dripstone_block":165,"minecraft:blast_furnace":8,"minecraft:white_bed":30,"minecraft:green_carpet":3,"minecraft:spruce_door":6,"minecraft:spider_eye":8,"minecraft:iron_helmet":5,"minecraft:cherry_sapling":28,"minecraft:netherite_hoe":6,"minecraft:damaged_anvil":1,"minecraft:black_wool":1,"minecraft:coal":1365,"minecraft:sunflower":5},"minecraft:killed":{"minecraft:cave_spider":7,"minecraft:shulker":15,"minecraft:skeleton":49,"minecraft:chicken":3,"minecraft:pillager":11,"minecraft:zombie":85,"minecraft:cow":16,"minecraft:evoker":2,"minecraft:vindicator":7,"minecraft:husk":52,"minecraft:wandering_trader":1,"minecraft:ravager":2,"minecraft:breeze":5,"minecraft:enderman":8,"minecraft:witch":4,"minecraft:spider":16,"minecraft:silverfish":1,"minecraft:wolf":1,"minecraft:piglin":9,"minecraft:pig":6,"minecraft:creeper":47,"minecraft:sheep":28,"minecraft:trader_llama":1,"minecraft:stray":48,"minecraft:ghast":4,"minecraft:blaze":14,"minecraft:vex":2,"minecraft:slime":3,"minecraft:phantom":6}},"DataVersion":3953}