{"stats":{"minecraft:broken":{"minecraft:bow":1,"minecraft:iron_shovel":1,"minecraft:golden_pickaxe":1},"minecraft:mined":{"minecraft:red_shulker_box":38,"minecraft:white_bed":34,"minecraft:cherry_log":67,"minecraft:jungle_leaves":287,"minecraft:obsidian":104,"minecraft:granite":48,"minecraft:red_sand":1,"minecraft:jungle_log":350,"minecraft:deepslate_bricks":921,"minecraft:crimson_fungus":1,"minecraft:hopper":11,"minecraft:spawner":1,"minecraft:polished_blackstone_bricks":82,"minecraft:weeping_vines_plant":2,"minecraft:magma_block":136,"minecraft:cobbled_deepslate":27,"minecraft:fire":100,"minecraft:deepslate_lapis_ore":5,"minecraft:fletching_table":4,"minecraft:enchanting_table":2,"minecraft:polished_deepslate_slab":52,"minecraft:dirt_path":36,"minecraft:small_amethyst_bud":3,"minecraft:deepslate_brick_stairs":1,"minecraft:white_shulker_box":15,"minecraft:iron_block":17,"minecraft:jungle_trapdoor":2,"minecraft:kelp_plant":1,"minecraft:deepslate_brick_wall":2,"minecraft:crimson_nylium":26,"minecraft:soul_fire":6,"minecraft:amethyst_cluster":3,"minecraft:torch":44,"minecraft:blast_furnace":5,"minecraft:dead_bush":1,"minecraft:glass":47,"minecraft:sugar_cane":459,"minecraft:amethyst_block":1,"minecraft:repeater":1,"minecraft:waxed_copper_block":2,"minecraft:warped_fungus":1,"minecraft:oak_fence_gate":2,"minecraft:dark_oak_sapling":1,"minecraft:smooth_basalt":1,"minecraft:blue_shulker_box":15,"minecraft:deepslate":1057,"minecraft:infested_deepslate":3,"minecraft:dark_prismarine":2,"minecraft:cherry_sapling":3,"minecraft:dark_oak_log":130,"minecraft:end_stone":1920,"minecraft:shulker_box":14,"minecraft:crafter":4,"minecraft:waxed_oxidized_chiseled_copper":1,"minecraft:nether_bricks":138,"minecraft:spruce_fence":2,"minecraft:jungle_planks":28,"minecraft:orange_shulker_box":14,"minecraft:kelp":1,"minecraft:moss_block":1,"minecraft:waxed_copper_grate":2,"minecraft:andesite":41,"minecraft:vine":40,"minecraft:rail":472,"minecraft:warped_stem":34,"minecraft:bamboo":11,"minecraft:white_wool":3,"minecraft:ender_chest":3,"minecraft:smithing_table":2,"minecraft:oak_slab":8,"minecraft:redstone_block":1,"minecraft:glass_pane":4,"minecraft:cherry_planks":13,"minecraft:comparator":1,"minecraft:soul_sand":122,"minecraft:copper_door":1,"minecraft:smooth_sandstone":1,"minecraft:cornflower":1,"minecraft:short_grass":147,"minecraft:warped_roots":4,"minecraft:copper_ore":6,"minecraft:purpur_pillar":4,"minecraft:tall_grass":31,"minecraft:deepslate_gold_ore":12,"minecraft:diorite":22,"minecraft:warped_wart_block":1,"minecraft:spruce_log":711,"minecraft:sunflower":6,"minecraft:gravel":32,"minecraft:dripstone_block":10,"minecraft:cobweb":5,"minecraft:stone_bricks":38,"minecraft:deepslate_emerald_ore":1,"minecraft:fern":1,"minecraft:black_shulker_box":11,"minecraft:large_amethyst_bud":2,"minecraft:spruce_planks":4,"minecraft:jungle_slab":5,"minecraft:budding_amethyst":1,"minecraft:grass_block":745,"minecraft:cracked_polished_blackstone_bricks":36,"minecraft:soul_soil":7,"minecraft:composter":2,"minecraft:frosted_ice":7,"minecraft:tuff_bricks":3,"minecraft:iron_ore":104,"minecraft:polished_tuff":2,"minecraft:black_carpet":6,"minecraft:anvil":2,"minecraft:dark_oak_stairs":2,"minecraft:pointed_dripstone":5,"minecraft:iron_bars":1,"minecraft:end_stone_bricks":117,"minecraft:spruce_slab":1,"minecraft:deepslate_redstone_ore":16,"minecraft:jungle_door":2,"minecraft:quartz_block":14,"minecraft:blackstone":30,"minecraft:twisting_vines_plant":1,"minecraft:medium_amethyst_bud":8,"minecraft:purpur_stairs":1,"minecraft:clay":8,"minecraft:end_stone_brick_slab":5,"minecraft:calcite":5,"minecraft:beacon":3,"minecraft:chest":13,"minecraft:nether_quartz_ore":105,"minecraft:wither_skeleton_wall_skull":1,"minecraft:cobblestone":79,"minecraft:oak_planks":25,"minecraft:iron_door":10,"minecraft:wall_torch":8,"minecraft:pink_petals":4,"minecraft:warped_nylium":20,"minecraft:powered_rail":50,"minecraft:warped_planks":1,"minecraft:nether_wart_block":74,"minecraft:yellow_wool":1,"minecraft:stripped_oak_wood":1,"minecraft:purpur_block":5,"minecraft:smooth_stone_slab":1,"minecraft:oak_log":12,"minecraft:sand":1920,"minecraft:dirt":563,"minecraft:netherrack":7001,"minecraft:ancient_debris":29,"minecraft:oak_leaves":417,"minecraft:emerald_block":1,"minecraft:nether_gold_ore":13,"minecraft:diamond_ore":2,"minecraft:tuff":180,"minecraft:dark_oak_leaves":5,"minecraft:deepslate_diamond_ore":73,"minecraft:decorated_pot":7,"minecraft:weeping_vines":1,"minecraft:spruce_leaves":7,"minecraft:crimson_stem":4,"minecraft:large_fern":1,"minecraft:deepslate_brick_slab":105,"minecraft:oak_trapdoor":2,"minecraft:spruce_sapling":16,"minecraft:furnace":1,"minecraft:nether_sprouts":1,"minecraft:polished_basalt":1,"minecraft:gold_block":16,"minecraft:bell":3,"minecraft:nether_brick_fence":2,"minecraft:bookshelf":59,"minecraft:deepslate_iron_ore":6,"minecraft:packed_ice":15,"minecraft:chorus_plant":6,"minecraft:stone":2150,"minecraft:redstone_wall_torch":17,"minecraft:scaffolding":38,"minecraft:light_blue_shulker_box":10,"minecraft:flowering_azalea":1,"minecraft:infested_stone_bricks":5,"minecraft:basalt":15,"minecraft:oak_fence":4,"minecraft:crafting_table":13,"minecraft:lectern":252,"minecraft:prismarine_bricks":4,"minecraft:cactus":1,"minecraft:waxed_oxidized_copper_grate":1,"minecraft:redstone_torch":32,"minecraft:yellow_bed":16,"minecraft:coal_ore":157,"minecraft:cherry_leaves":3,"minecraft:purple_shulker_box":26,"minecraft:cracked_stone_bricks":14,"minecraft:mossy_stone_bricks":21},"minecraft:killed_by":{"minecraft:piglin":1,"minecraft:player":2},"minecraft:custom":{"minecraft:interact_with_crafting_table":181,"minecraft:open_barrel":43,"minecraft:bell_ring":85,"minecraft:leave_game":38,"minecraft:time_since_death":345870,"minecraft:damage_blocked_by_shield":284,"minecraft:play_time":3456471,"minecraft:deaths":4,"minecraft:jump":43938,"minecraft:enchant_item":7,"minecraft:interact_with_furnace":58,"minecraft:traded_with_villager":817,"minecraft:interact_with_cartography_table":5,"minecraft:sleep_in_bed":179,"minecraft:damage_dealt":198457,"minecraft:interact_with_smoker":32,"minecraft:horse_one_cm":394,"minecraft:inspect_dispenser":7,"minecraft:interact_with_smithing_table":19,"minecraft:interact_with_anvil":72,"minecraft:inspect_hopper":63,"minecraft:sneak_time":225915,"minecraft:interact_with_blast_furnace":51,"minecraft:total_world_time":3456471,"minecraft:interact_with_stonecutter":1,"minecraft:time_since_rest":7447,"minecraft:swim_one_cm":711254,"minecraft:fly_one_cm":10445521,"minecraft:open_chest":1377,"minecraft:fall_one_cm":1170338,"minecraft:open_shulker_box":262,"minecraft:damage_resisted":24,"minecraft:sprint_one_cm":6343305,"minecraft:drop":936,"minecraft:talked_to_villager":579,"minecraft:interact_with_brewingstand":9,"minecraft:walk_on_water_one_cm":338816,"minecraft:open_enderchest":75,"minecraft:interact_with_beacon":14,"minecraft:player_kills":2,"minecraft:crouch_one_cm":947354,"minecraft:mob_kills":3983,"minecraft:climb_one_cm":101554,"minecraft:walk_one_cm":6312891,"minecraft:raid_win":1,"minecraft:walk_under_water_one_cm":671133,"minecraft:boat_one_cm":502273,"minecraft:interact_with_grindstone":9,"minecraft:damage_taken":44685,"minecraft:damage_absorbed":11,"minecraft:minecart_one_cm":72141,"minecraft:aviate_one_cm":24612499},"minecraft:used":{"minecraft:moss_block":1,"minecraft:nether_brick_fence":1,"minecraft:ladder":1,"minecraft:elytra":137,"minecraft:black_carpet":290,"minecraft:chest":22,"minecraft:stone":178,"minecraft:white_shulker_box":13,"minecraft:rotten_flesh":4,"minecraft:soul_sand":15,"minecraft:crafter":4,"minecraft:jungle_slab":6,"minecraft:deepslate_brick_slab":305,"minecraft:jungle_sapling":20,"minecraft:honeycomb":1,"minecraft:lava_bucket":27,"minecraft:grass_block":304,"minecraft:orange_shulker_box":14,"minecraft:quartz_block":1,"minecraft:copper_ore":1,"minecraft:netherite_hoe":428,"minecraft:netherite_boots":1,"minecraft:bow":56,"minecraft:dark_oak_boat":1,"minecraft:ominous_bottle":1,"minecraft:furnace":1,"minecraft:egg":34,"minecraft:deepslate_brick_wall":17,"minecraft:damaged_anvil":1,"minecraft:diorite":9,"minecraft:mossy_stone_bricks":4,"minecraft:end_stone_bricks":1042,"minecraft:copper_door":1,"minecraft:powered_rail":63,"minecraft:chorus_fruit":53,"minecraft:blackstone":4,"minecraft:cactus":4,"minecraft:wooden_pickaxe":10,"minecraft:purpur_pillar":4,"minecraft:jungle_boat":17,"minecraft:oak_leaves":211,"minecraft:purpur_stairs":1,"minecraft:sand":6,"minecraft:blast_furnace":5,"minecraft:netherite_helmet":1,"minecraft:deepslate_brick_stairs":22,"minecraft:crimson_fence_gate":2,"minecraft:enderman_spawn_egg":13,"minecraft:deepslate_iron_ore":1,"minecraft:lectern":258,"minecraft:nether_wart_block":20,"minecraft:diamond_sword":2418,"minecraft:wooden_sword":32,"minecraft:smithing_table":3,"minecraft:oak_boat":1,"minecraft:oak_trapdoor":3,"minecraft:iron_bars":1,"minecraft:enchanting_table":2,"minecraft:stone_sword":50,"minecraft:trial_key":13,"minecraft:torch":104,"minecraft:netherrack":2816,"minecraft:anvil":7,"minecraft:chainmail_chestplate":1,"minecraft:jungle_trapdoor":67,"minecraft:red_shulker_box":38,"minecraft:iron_block":181,"minecraft:iron_axe":166,"minecraft:jungle_log":13,"minecraft:totem_of_undying":1,"minecraft:bamboo":90,"minecraft:basalt":6,"minecraft:cobbled_deepslate":37,"minecraft:cherry_log":1,"minecraft:observer":2,"minecraft:golden_axe":69,"minecraft:calcite":2,"minecraft:water_bucket":241,"minecraft:warped_stem":4,"minecraft:light_blue_shulker_box":10,"minecraft:cherry_planks":209,"minecraft:fletching_table":7,"minecraft:deepslate_bricks":1402,"minecraft:polished_blackstone_bricks":23,"minecraft:polished_deepslate_slab":877,"minecraft:diamond_block":7,"minecraft:rail":499,"minecraft:comparator":1,"minecraft:tnt":14,"minecraft:oak_slab":4,"minecraft:crafting_table":16,"minecraft:white_bed":40,"minecraft:spruce_log":4,"minecraft:small_amethyst_bud":3,"minecraft:oak_log":2,"minecraft:ender_eye":10,"minecraft:diamond_pickaxe":13002,"minecraft:ominous_trial_key":10,"minecraft:diamond_shovel":2751,"minecraft:sunflower":1,"minecraft:wind_charge":317,"minecraft:iron_pickaxe":90,"minecraft:spruce_sapling":87,"minecraft:crimson_nylium":1,"minecraft:enchanted_book":1,"minecraft:cobblestone":234,"minecraft:potion":13,"minecraft:porkchop":16,"minecraft:glass_pane":132,"minecraft:cherry_sapling":8,"minecraft:iron_shovel":725,"minecraft:diamond_hoe":353,"minecraft:shield":6,"minecraft:iron_sword":139,"minecraft:purple_shulker_box":27,"minecraft:bell":3,"minecraft:iron_chestplate":2,"minecraft:mutton":19,"minecraft:waxed_oxidized_chiseled_copper":1,"minecraft:jungle_planks":43,"minecraft:nether_bricks":13,"minecraft:carrot":1,"minecraft:waxed_copper_grate":1,"minecraft:tuff":15,"minecraft:obsidian":93,"minecraft:honey_bottle":4,"minecraft:glass":317,"minecraft:coal_ore":1,"minecraft:lantern":6,"minecraft:iron_helmet":1,"minecraft:crimson_roots":1,"minecraft:stone_bricks":3,"minecraft:deepslate_diamond_ore":25,"minecraft:repeater":1,"minecraft:vault":5,"minecraft:warped_fungus":1,"minecraft:scaffolding":130,"minecraft:blue_shulker_box":15,"minecraft:gold_block":1,"minecraft:dark_oak_sapling":13,"minecraft:dark_oak_stairs":1,"minecraft:diamond_boots":2,"minecraft:wither_skeleton_skull":4,"minecraft:stone_pickaxe":91,"minecraft:oak_planks":5,"minecraft:ender_pearl":119,"minecraft:redstone_block":1,"minecraft:end_stone_brick_slab":88,"minecraft:sugar_cane":32,"minecraft:diamond_axe":1611,"minecraft:large_amethyst_bud":1,"minecraft:white_wool":1,"minecraft:crossbow":37,"minecraft:end_stone":601,"minecraft:dripstone_block":2,"minecraft:redstone_torch":83,"minecraft:polished_tuff":2,"minecraft:firework_rocket":1114,"minecraft:dark_oak_log":4,"minecraft:mace":100,"minecraft:bread":75,"minecraft:string":1,"minecraft:deepslate":12,"minecraft:gravel":1,"minecraft:iron_door":1,"minecraft:grindstone":1,"minecraft:andesite":3,"minecraft:cherry_boat":7,"minecraft:bone_meal":295,"minecraft:golden_pickaxe":32,"minecraft:experience_bottle":112,"minecraft:oak_fence":3,"minecraft:purpur_block":5,"minecraft:trident":18,"minecraft:netherite_sword":1236,"minecraft:flint_and_steel":21,"minecraft:spruce_planks":3,"minecraft:ender_chest":1,"minecraft:cooked_chicken":5,"minecraft:end_stone_brick_wall":17,"minecraft:dirt":1070,"minecraft:hopper":16,"minecraft:shulker_box":19,"minecraft:spruce_fence":7,"minecraft:wooden_axe":26,"minecraft:bookshelf":25,"minecraft:smooth_sandstone":1,"minecraft:golden_carrot":83,"minecraft:emerald_block":1,"minecraft:soul_soil":2,"minecraft:minecart":41,"minecraft:netherite_pickaxe":2700,"minecraft:cooked_beef":18,"minecraft:enchanted_golden_apple":1,"minecraft:cooked_mutton":5,"minecraft:amethyst_block":1,"minecraft:glass_bottle":2,"minecraft:netherite_chestplate":124,"minecraft:baked_potato":747,"minecraft:birch_boat":1,"minecraft:black_shulker_box":12,"minecraft:beacon":5,"minecraft:waxed_copper_block":3,"minecraft:painting":25,"minecraft:warped_planks":121,"minecraft:book":1,"minecraft:cracked_polished_blackstone_bricks":26,"minecraft:netherite_axe":136,"minecraft:stone_axe":6,"minecraft:jungle_door":1,"minecraft:bucket":258,"minecraft:yellow_bed":17,"minecraft:sculk_catalyst":1},"minecraft:dropped":{"minecraft:iron_sword":1,"minecraft:porkchop":8,"minecraft:ominous_bottle":4,"minecraft:lapis_lazuli":13,"minecraft:cooked_beef":3,"minecraft:glow_ink_sac":3,"minecraft:glass_bottle":16,"minecraft:diamond":137,"minecraft:crossbow":3,"minecraft:crafter":1,"minecraft:warped_roots":2,"minecraft:elytra":4,"minecraft:rail":205,"minecraft:emerald":17,"minecraft:dirt":236,"minecraft:yellow_dye":2,"minecraft:wooden_sword":1,"minecraft:gold_nugget":43,"minecraft:sunflower":7,"minecraft:copper_bulb":2,"minecraft:bone_meal":128,"minecraft:phantom_membrane":2,"minecraft:sand":124,"minecraft:iron_pickaxe":1,"minecraft:dark_oak_planks":44,"minecraft:white_wool":8,"minecraft:bone":249,"minecraft:stone_axe":36,"minecraft:sugar_cane":2,"minecraft:ancient_debris":3,"minecraft:cooked_chicken":1,"minecraft:golden_chestplate":6,"minecraft:cobbled_deepslate":47,"minecraft:black_carpet":5,"minecraft:deepslate_brick_slab":2,"minecraft:rotten_flesh":443,"minecraft:oak_planks":4,"minecraft:end_stone":32,"minecraft:white_bed":5,"minecraft:tipped_arrow":108,"minecraft:hopper":21,"minecraft:leather_leggings":1,"minecraft:end_stone_bricks":86,"minecraft:glass":4,"minecraft:warped_wart_block":1,"minecraft:egg":1,"minecraft:crimson_planks":46,"minecraft:enchanted_book":12,"minecraft:golden_boots":7,"minecraft:iron_ingot":103,"minecraft:wheat_seeds":56,"minecraft:dripstone_block":3,"minecraft:netherite_chestplate":1,"minecraft:end_stone_brick_slab":1,"minecraft:iron_helmet":13,"minecraft:cobblestone":68,"minecraft:book":158,"minecraft:waxed_copper_grate":2,"minecraft:crimson_fence_gate":1,"minecraft:granite":23,"minecraft:coal":126,"minecraft:lava_bucket":20,"minecraft:jungle_slab":7,"minecraft:wooden_hoe":1,"minecraft:cherry_planks":228,"minecraft:diamond_helmet":3,"minecraft:potion":7,"minecraft:golden_hoe":1,"minecraft:white_banner":1,"minecraft:iron_shovel":8,"minecraft:chainmail_leggings":1,"minecraft:string":41,"minecraft:spruce_sapling":5,"minecraft:stone_sword":1,"minecraft:polished_tuff_slab":1,"minecraft:vault":1,"minecraft:stone_shovel":36,"minecraft:white_carpet":1,"minecraft:polished_deepslate_slab":17,"minecraft:clay_ball":16,"minecraft:iron_boots":13,"minecraft:stone_slab":1,"minecraft:name_tag":2,"minecraft:nether_bricks":5,"minecraft:diamond_sword":3,"minecraft:potato":1,"minecraft:stone":61,"minecraft:spruce_planks":193,"minecraft:diamond_pickaxe":4,"minecraft:yellow_bed":2,"minecraft:redstone_torch":11,"minecraft:bamboo":129,"minecraft:spider_eye":27,"minecraft:stone_bricks":14,"minecraft:sandstone":240,"minecraft:bow":33,"minecraft:red_sand":1,"minecraft:magma_block":2,"minecraft:guster_pottery_sherd":2,"minecraft:dark_oak_stairs":1,"minecraft:orange_dye":1,"minecraft:diamond_axe":5,"minecraft:baked_potato":8,"minecraft:ender_pearl":200,"minecraft:dark_oak_sapling":3,"minecraft:decorated_pot":2,"minecraft:netherite_upgrade_smithing_template":1,"minecraft:leather":15,"minecraft:jungle_planks":10,"minecraft:flint":7,"minecraft:cracked_polished_blackstone_bricks":2,"minecraft:mace":6,"minecraft:netherite_scrap":2,"minecraft:dispenser":1,"minecraft:mutton":3,"minecraft:crimson_roots":1,"minecraft:wet_sponge":5,"minecraft:polished_blackstone_bricks":46,"minecraft:gravel":19,"minecraft:blackstone":21,"minecraft:pointed_dripstone":9,"minecraft:cherry_sapling":3,"minecraft:diamond_shovel":5,"minecraft:honey_bottle":5,"minecraft:carrot":449,"minecraft:chainmail_chestplate":12,"minecraft:shulker_shell":1,"minecraft:poppy":10,"minecraft:oak_fence_gate":2,"minecraft:leather_chestplate":1,"minecraft:trident":6,"minecraft:gunpowder":169,"minecraft:lingering_potion":1,"minecraft:chest":11,"minecraft:blackstone_slab":1,"minecraft:basalt":5,"minecraft:powered_rail":2,"minecraft:arrow":42,"minecraft:scaffolding":25,"minecraft:quartz":79,"minecraft:oak_leaves":192,"minecraft:netherrack":2576,"minecraft:firework_rocket":119,"minecraft:stone_hoe":1,"minecraft:water_bucket":5,"minecraft:bread":15,"minecraft:oak_slab":2,"minecraft:golden_helmet":1,"minecraft:cherry_log":59,"minecraft:minecart":5,"minecraft:bookshelf":1,"minecraft:diamond_leggings":2,"minecraft:lead":2,"minecraft:polished_tuff":3,"minecraft:tropical_fish":2,"minecraft:ominous_trial_key":12,"minecraft:copper_door":1,"minecraft:grass_block":24,"minecraft:enderman_spawn_egg":1,"minecraft:stick":575,"minecraft:iron_block":64,"minecraft:diorite":6,"minecraft:torch":251,"minecraft:repeater":11,"minecraft:iron_door":10,"minecraft:map":3,"minecraft:jungle_door":2,"minecraft:crimson_sign":9,"minecraft:iron_leggings":1,"minecraft:iron_axe":35,"minecraft:pink_petals":17,"minecraft:bucket":16,"minecraft:dandelion":39,"minecraft:smooth_basalt":1,"minecraft:redstone":8,"minecraft:polished_deepslate":3,"minecraft:tuff_bricks":3,"minecraft:oak_trapdoor":6,"minecraft:flow_pottery_sherd":1,"minecraft:tuff":145,"minecraft:composter":2,"minecraft:raw_iron":47,"minecraft:smoker":8,"minecraft:comparator":7,"minecraft:totem_of_undying":1,"minecraft:deepslate_bricks":127,"minecraft:filled_map":4,"minecraft:shield":1,"minecraft:trial_key":1,"minecraft:diamond_chestplate":4,"minecraft:iron_chestplate":1,"minecraft:andesite":27,"minecraft:golden_leggings":3,"minecraft:golden_sword":1,"minecraft:diamond_boots":6,"minecraft:waxed_chiseled_copper":1,"minecraft:slime_ball":31,"minecraft:purple_shulker_box":1,"minecraft:wooden_pickaxe":1,"minecraft:calcite":6,"minecraft:waxed_oxidized_copper_grate":1,"minecraft:brick":19},"minecraft:crafted":{"minecraft:black_dye":15,"minecraft:blaze_powder":22,"minecraft:diamond_shovel":1,"minecraft:bookshelf":8,"minecraft:shulker_box":12,"minecraft:iron_bars":16,"minecraft:mace":1,"minecraft:glass":17,"minecraft:diamond_helmet":3,"minecraft:repeater":3,"minecraft:diamond_leggings":3,"minecraft:beacon":1,"minecraft:white_shulker_box":2,"minecraft:emerald":617,"minecraft:diamond_axe":4,"minecraft:jungle_boat":4,"minecraft:polished_deepslate_slab":316,"minecraft:end_stone_brick_slab":216,"minecraft:lectern":5,"minecraft:crafter":1,"minecraft:iron_pickaxe":1,"minecraft:iron_block":30,"minecraft:gold_ingot":186,"minecraft:sandstone":240,"minecraft:netherite_ingot":8,"minecraft:stone_shovel":36,"minecraft:orange_shulker_box":1,"minecraft:diamond_hoe":1,"minecraft:crimson_fence_gate":3,"minecraft:wind_charge":184,"minecraft:blue_shulker_box":2,"minecraft:bone_meal":627,"minecraft:diamond":9,"minecraft:deepslate_brick_wall":30,"minecraft:spruce_slab":12,"minecraft:red_shulker_box":2,"minecraft:stone_pickaxe":1,"minecraft:diamond_boots":4,"minecraft:redstone_block":1,"minecraft:dark_oak_planks":788,"minecraft:deepslate_brick_slab":360,"minecraft:deepslate_tiles":60,"minecraft:enchanted_book":36,"minecraft:orange_dye":2,"minecraft:wooden_axe":1,"minecraft:iron_shovel":7,"minecraft:iron_leggings":1,"minecraft:white_bed":6,"minecraft:oak_planks":36,"minecraft:dark_oak_boat":1,"minecraft:crimson_sign":9,"minecraft:pink_shulker_box":1,"minecraft:stone":6,"minecraft:warped_planks":120,"minecraft:hopper":6,"minecraft:bow":1,"minecraft:iron_boots":13,"minecraft:chest":30,"minecraft:netherite_upgrade_smithing_template":20,"minecraft:rail":272,"minecraft:ender_eye":16,"minecraft:golden_boots":2,"minecraft:smoker":8,"minecraft:dropper":1,"minecraft:crafting_table":4,"minecraft:map":3,"minecraft:spruce_planks":2820,"minecraft:wooden_pickaxe":1,"minecraft:iron_helmet":13,"minecraft:chainmail_chestplate":12,"minecraft:black_shulker_box":1,"minecraft:iron_chestplate":1,"minecraft:purple_dye":2,"minecraft:paper":939,"minecraft:yellow_dye":4,"minecraft:diamond_pickaxe":5,"minecraft:stick":16738,"minecraft:iron_ingot":461,"minecraft:light_blue_shulker_box":1,"minecraft:stone_sword":1,"minecraft:redstone_torch":45,"minecraft:deepslate_bricks":620,"minecraft:cherry_planks":3544,"minecraft:wooden_sword":1,"minecraft:redstone":9,"minecraft:furnace":9,"minecraft:end_stone_bricks":1212,"minecraft:flint_and_steel":1,"minecraft:polished_deepslate":812,"minecraft:iron_axe":35,"minecraft:netherite_scrap":29,"minecraft:observer":2,"minecraft:minecart":4,"minecraft:cooked_beef":7,"minecraft:red_dye":20,"minecraft:crimson_planks":92,"minecraft:diamond_sword":1,"minecraft:powered_rail":24,"minecraft:purple_shulker_box":1,"minecraft:iron_sword":1,"minecraft:stone_axe":37,"minecraft:air":0,"minecraft:jungle_planks":1592,"minecraft:blue_dye":3,"minecraft:oak_boat":1,"minecraft:white_dye":14,"minecraft:black_carpet":90,"minecraft:anvil":3,"minecraft:torch":268,"minecraft:lapis_lazuli":9,"minecraft:diamond_chestplate":3,"minecraft:firework_rocket":1438},"minecraft:picked_up":{"minecraft:anvil":2,"minecraft:prismarine_shard":8,"minecraft:lead":13,"minecraft:smithing_table":2,"minecraft:stone_slab":1,"minecraft:diamond_sword":6,"minecraft:enchanted_book":23,"minecraft:purple_shulker_box":29,"minecraft:golden_sword":1,"minecraft:amethyst_block":1,"minecraft:polished_deepslate":32,"minecraft:string":42,"minecraft:soul_soil":3,"minecraft:cherry_boat":7,"minecraft:gold_nugget":134,"minecraft:cobbled_deepslate":1197,"minecraft:spruce_planks":275,"minecraft:trial_key":32,"minecraft:netherite_upgrade_smithing_template":2,"minecraft:enchanted_golden_apple":2,"minecraft:golden_helmet":1,"minecraft:composter":2,"minecraft:purpur_pillar":4,"minecraft:cherry_log":114,"minecraft:waxed_copper_grate":3,"minecraft:warped_planks":1,"minecraft:golden_chestplate":6,"minecraft:stone_sword":1,"minecraft:honey_bottle":7,"minecraft:tropical_fish":2,"minecraft:blue_dye":1,"minecraft:iron_block":71,"minecraft:bookshelf":40,"minecraft:netherite_chestplate":5,"minecraft:blaze_rod":31,"minecraft:magma_block":128,"minecraft:cooked_beef":14,"minecraft:iron_door":11,"minecraft:medium_amethyst_bud":8,"minecraft:water_bucket":7,"minecraft:jungle_log":347,"minecraft:dark_oak_boat":1,"minecraft:flint":9,"minecraft:netherite_leggings":4,"minecraft:lantern":4,"minecraft:twisting_vines":2,"minecraft:large_amethyst_bud":1,"minecraft:diamond_helmet":1,"minecraft:moss_block":1,"minecraft:warped_wart_block":1,"minecraft:dropper":1,"minecraft:ink_sac":15,"minecraft:dark_oak_log":129,"minecraft:dispenser":1,"minecraft:deepslate":17,"minecraft:granite":39,"minecraft:bread":7,"minecraft:ominous_trial_key":58,"minecraft:crimson_roots":2,"minecraft:diamond_pickaxe":8,"minecraft:crafting_table":12,"minecraft:ominous_bottle":5,"minecraft:clay_ball":16,"minecraft:leather_leggings":1,"minecraft:music_disc_creator":1,"minecraft:purpur_block":5,"minecraft:wind_charge":180,"minecraft:cornflower":1,"minecraft:jungle_trapdoor":64,"minecraft:elytra":10,"minecraft:flow_banner_pattern":3,"minecraft:netherite_scrap":3,"minecraft:white_carpet":4,"minecraft:glass_pane":132,"minecraft:cracked_stone_bricks":1,"minecraft:netherite_sword":1,"minecraft:deepslate_diamond_ore":25,"minecraft:jungle_sapling":20,"minecraft:poppy":25,"minecraft:minecart":43,"minecraft:guster_pottery_sherd":2,"minecraft:chest":12,"minecraft:diamond_hoe":2,"minecraft:egg":39,"minecraft:copper_ore":5,"minecraft:polished_deepslate_slab":225,"minecraft:stone":450,"minecraft:copper_bulb":2,"minecraft:amethyst_cluster":3,"minecraft:spruce_fence":1,"minecraft:flow_pottery_sherd":1,"minecraft:mace":7,"minecraft:carrot":67,"minecraft:redstone":132,"minecraft:netherite_pickaxe":1,"minecraft:prismarine_crystals":1,"minecraft:waxed_oxidized_chiseled_copper":1,"minecraft:diamond_chestplate":4,"minecraft:decorated_pot":2,"minecraft:deepslate_bricks":874,"minecraft:diamond_boots":6,"minecraft:flow_armor_trim_smithing_template":1,"minecraft:gold_ingot":13,"minecraft:totem_of_undying":3,"minecraft:white_shulker_box":14,"minecraft:tuff_bricks":5,"minecraft:vault":2,"minecraft:mutton":22,"minecraft:white_wool":157,"minecraft:rail":751,"minecraft:yellow_dye":7,"minecraft:blackstone_slab":1,"minecraft:crafter":4,"minecraft:filled_map":5,"minecraft:purpur_stairs":1,"minecraft:oak_log":11,"minecraft:ancient_debris":28,"minecraft:golden_boots":4,"minecraft:paper":14,"minecraft:white_banner":1,"minecraft:apple":1,"minecraft:stone_bricks":17,"minecraft:kelp":41,"minecraft:warped_stem":34,"minecraft:oak_fence_gate":2,"minecraft:glass_bottle":4,"minecraft:iron_sword":1,"minecraft:dark_oak_stairs":2,"minecraft:smooth_basalt":1,"minecraft:gravel":28,"minecraft:small_amethyst_bud":3,"minecraft:spruce_sapling":93,"minecraft:spruce_log":709,"minecraft:polished_tuff":5,"minecraft:dragon_egg":1,"minecraft:leather_helmet":1,"minecraft:firework_rocket":698,"minecraft:diamond_shovel":6,"minecraft:coal_ore":1,"minecraft:slime_ball":31,"minecraft:diamond_axe":8,"minecraft:painting":4,"minecraft:warped_roots":2,"minecraft:baked_potato":336,"minecraft:crimson_nylium":1,"minecraft:pink_dye":7,"minecraft:hopper":19,"minecraft:ender_pearl":518,"minecraft:shulker_shell":26,"minecraft:black_carpet":11,"minecraft:redstone_block":1,"minecraft:ender_chest":3,"minecraft:nether_brick_fence":2,"minecraft:potion":19,"minecraft:red_sand":1,"minecraft:black_shulker_box":13,"minecraft:comparator":8,"minecraft:bucket":2,"minecraft:red_dye":1,"minecraft:redstone_torch":91,"minecraft:calcite":8,"minecraft:deepslate_iron_ore":1,"minecraft:tipped_arrow":152,"minecraft:stick":723,"minecraft:orange_shulker_box":15,"minecraft:jungle_door":3,"minecraft:deepslate_brick_wall":17,"minecraft:oak_fence":1,"minecraft:torch":144,"minecraft:porkchop":38,"minecraft:pointed_dripstone":9,"minecraft:diorite":20,"minecraft:copper_door":3,"minecraft:quartz_block":3,"minecraft:cactus":9,"minecraft:rotten_flesh":556,"minecraft:deepslate_brick_stairs":2,"minecraft:obsidian":113,"minecraft:cod":9,"minecraft:cobblestone":1760,"minecraft:enchanting_table":2,"minecraft:pink_petals":17,"minecraft:leather_chestplate":1,"minecraft:repeater":20,"minecraft:cherry_planks":219,"minecraft:andesite":44,"minecraft:golden_leggings":3,"minecraft:beacon":4,"minecraft:potato":2,"minecraft:tuff":125,"minecraft:prismarine_bricks":3,"minecraft:wither_skeleton_skull":5,"minecraft:lapis_lazuli":46,"minecraft:dirt":1266,"minecraft:name_tag":5,"minecraft:glass":41,"minecraft:bone":641,"minecraft:bow":44,"minecraft:wheat_seeds":60,"minecraft:deepslate_brick_slab":124,"minecraft:raw_gold":26,"minecraft:bell":3,"minecraft:light_blue_dye":1,"minecraft:netherite_axe":1,"minecraft:mossy_stone_bricks":12,"minecraft:fletching_table":5,"minecraft:bamboo":250,"minecraft:powered_rail":71,"minecraft:prismarine":1,"minecraft:oak_planks":36,"minecraft:stone_hoe":1,"minecraft:ghast_tear":7,"minecraft:waxed_chiseled_copper":1,"minecraft:sand":1621,"minecraft:jungle_planks":85,"minecraft:light_blue_shulker_box":11,"minecraft:grass_block":441,"minecraft:jungle_slab":14,"minecraft:shulker_box":19,"minecraft:dark_prismarine":2,"minecraft:diamond":132,"minecraft:netherite_helmet":4,"minecraft:waxed_oxidized_copper_grate":1,"minecraft:cracked_polished_blackstone_bricks":35,"minecraft:crossbow":7,"minecraft:breeze_rod":47,"minecraft:bone_meal":83,"minecraft:golden_apple":4,"minecraft:emerald":615,"minecraft:netherrack":5499,"minecraft:chorus_fruit":93,"minecraft:oak_leaves":367,"minecraft:end_stone_bricks":96,"minecraft:lingering_potion":1,"minecraft:packed_ice":1,"minecraft:gold_block":16,"minecraft:brick":19,"minecraft:shield":2,"minecraft:oak_trapdoor":9,"minecraft:iron_axe":2,"minecraft:blackstone":31,"minecraft:lectern":256,"minecraft:blue_shulker_box":16,"minecraft:sugar_cane":913,"minecraft:phantom_membrane":2,"minecraft:dark_oak_sapling":12,"minecraft:raw_iron":214,"minecraft:end_stone":2145,"minecraft:polished_blackstone_bricks":81,"minecraft:trident":6,"minecraft:dark_oak_planks":22,"minecraft:arrow":655,"minecraft:weeping_vines":3,"minecraft:red_shulker_box":39,"minecraft:nether_bricks":18,"minecraft:saddle":2,"minecraft:wet_sponge":10,"minecraft:netherite_boots":4,"minecraft:purple_dye":1,"minecraft:jungle_boat":15,"minecraft:basalt":11,"minecraft:glow_ink_sac":3,"minecraft:golden_carrot":42,"minecraft:crimson_stem":2,"minecraft:leather":29,"minecraft:waxed_copper_block":3,"minecraft:yellow_bed":19,"minecraft:nether_wart_block":39,"minecraft:gunpowder":330,"minecraft:wooden_hoe":1,"minecraft:cooked_mutton":5,"minecraft:smooth_sandstone":5,"minecraft:iron_ingot":645,"minecraft:polished_tuff_slab":1,"minecraft:cooked_chicken":11,"minecraft:soul_sand":93,"minecraft:book":171,"minecraft:sculk_catalyst":1,"minecraft:scaffolding":211,"minecraft:oak_slab":6,"minecraft:warped_fungus":2,"minecraft:emerald_block":3,"minecraft:heavy_core":1,"minecraft:quartz":165,"minecraft:dandelion":39,"minecraft:dripstone_block":5,"minecraft:lava_bucket":5,"minecraft:blast_furnace":5,"minecraft:white_bed":38,"minecraft:spider_eye":27,"minecraft:chainmail_leggings":1,"minecraft:iron_helmet":1,"minecraft:cherry_sapling":33,"minecraft:netherite_hoe":1,"minecraft:damaged_anvil":1,"minecraft:black_wool":60,"minecraft:end_stone_brick_slab":7,"minecraft:coal":443,"minecraft:sunflower":10},"minecraft:killed":{"minecraft:cave_spider":24,"minecraft:shulker":37,"minecraft:skeleton":821,"minecraft:guardian":9,"minecraft:chicken":2,"minecraft:magma_cube":7,"minecraft:elder_guardian":2,"minecraft:iron_golem":8,"minecraft:ender_dragon":1,"minecraft:pillager":23,"minecraft:zombie":946,"minecraft:evoker":2,"minecraft:vindicator":6,"minecraft:endermite":1,"minecraft:warden":2,"minecraft:husk":37,"minecraft:wandering_trader":5,"minecraft:ravager":2,"minecraft:breeze":14,"minecraft:enderman":867,"minecraft:zombified_piglin":3,"minecraft:witch":5,"minecraft:spider":16,"minecraft:silverfish":12,"minecraft:piglin_brute":1,"minecraft:piglin":20,"minecraft:pig":5,"minecraft:zombie_villager":6,"minecraft:creeper":822,"minecraft:sheep":14,"minecraft:trader_llama":7,"minecraft:stray":75,"minecraft:ghast":6,"minecraft:blaze":45,"minecraft:bogged":55,"minecraft:slime":5,"minecraft:phantom":2,"minecraft:hoglin":5,"minecraft:squid":2,"minecraft:wither_skeleton":31,"minecraft:villager":4}},"DataVersion":3953}