{"stats":{"minecraft:mined":{"minecraft:white_bed":1,"minecraft:bamboo":65},"minecraft:used":{"minecraft:firework_rocket":16,"minecraft:elytra":2,"minecraft:totem_of_undying":1,"minecraft:diamond_axe":1,"minecraft:diamond_chestplate":1,"minecraft:diamond_sword":263,"minecraft:golden_carrot":1,"minecraft:carrot":8},"minecraft:custom":{"minecraft:time_since_rest":25702,"minecraft:damage_absorbed":80,"minecraft:sprint_one_cm":56547,"minecraft:open_enderchest":1,"minecraft:damage_taken":565,"minecraft:walk_one_cm":102530,"minecraft:mob_kills":963,"minecraft:inspect_hopper":2,"minecraft:damage_dealt":2185,"minecraft:traded_with_villager":10,"minecraft:talked_to_villager":10,"minecraft:swim_one_cm":7816,"minecraft:interact_with_crafting_table":3,"minecraft:fly_one_cm":44184,"minecraft:open_barrel":16,"minecraft:open_chest":46,"minecraft:crouch_one_cm":124,"minecraft:open_shulker_box":4,"minecraft:play_time":33871,"minecraft:sneak_time":30,"minecraft:walk_under_water_one_cm":852,"minecraft:aviate_one_cm":461413,"minecraft:jump":311,"minecraft:interact_with_grindstone":2,"minecraft:leave_game":1,"minecraft:walk_on_water_one_cm":7124,"minecraft:time_since_death":33712,"minecraft:enchant_item":6,"minecraft:sleep_in_bed":2,"minecraft:climb_one_cm":1519,"minecraft:total_world_time":33871,"minecraft:fall_one_cm":6699},"minecraft:crafted":{"minecraft:diamond":36,"minecraft:diamond_helmet":1,"minecraft:emerald":10,"minecraft:diamond_leggings":1,"minecraft:diamond_pickaxe":1,"minecraft:stick":344,"minecraft:diamond_boots":1,"minecraft:lapis_lazuli":117,"minecraft:air":0,"minecraft:diamond_block":1},"minecraft:picked_up":{"minecraft:golden_carrot":45,"minecraft:white_bed":1,"minecraft:elytra":1,"minecraft:firework_rocket":192,"minecraft:bone":1,"minecraft:arrow":1,"minecraft:totem_of_undying":1,"minecraft:bamboo":688,"minecraft:ender_pearl":76},"minecraft:killed":{"minecraft:skeleton":1,"minecraft:enderman":962}},"DataVersion":3953}