{"stats":{"minecraft:broken":{"minecraft:iron_pickaxe":2,"minecraft:iron_shovel":4},"minecraft:mined":{"minecraft:dark_oak_planks":5,"minecraft:red_shulker_box":20,"minecraft:white_bed":53,"minecraft:cherry_log":4,"minecraft:obsidian":12,"minecraft:granite":22,"minecraft:red_sand":3,"minecraft:deepslate_bricks":733,"minecraft:chiseled_tuff_bricks":1,"minecraft:hopper":191,"minecraft:crimson_fungus":3,"minecraft:oxeye_daisy":5,"minecraft:nether_wart":30,"minecraft:spawner":3,"minecraft:polished_blackstone_bricks":33,"minecraft:tall_seagrass":3,"minecraft:magma_block":16,"minecraft:cobbled_deepslate":41,"minecraft:barrel":3,"minecraft:fire":230,"minecraft:waxed_oxidized_copper_bulb":3,"minecraft:moss_carpet":5,"minecraft:deepslate_lapis_ore":25,"minecraft:fletching_table":9,"minecraft:nether_brick_stairs":3,"minecraft:enchanting_table":1,"minecraft:water_cauldron":4,"minecraft:dirt_path":17,"minecraft:polished_deepslate_slab":32,"minecraft:oak_stairs":2,"minecraft:deepslate_brick_stairs":12,"minecraft:smooth_sandstone_stairs":26,"minecraft:white_shulker_box":52,"minecraft:stripped_bamboo_block":5,"minecraft:iron_block":261,"minecraft:tripwire":5,"minecraft:jungle_trapdoor":4,"minecraft:bamboo_slab":15,"minecraft:jungle_button":4,"minecraft:blue_wall_banner":2,"minecraft:brown_mushroom":11,"minecraft:kelp_plant":1,"minecraft:crimson_nylium":19,"minecraft:deepslate_brick_wall":8,"minecraft:smoker":11,"minecraft:amethyst_cluster":51,"minecraft:torch":138,"minecraft:blast_furnace":15,"minecraft:dead_bush":2,"minecraft:glass":271,"minecraft:lime_shulker_box":26,"minecraft:sugar_cane":452,"minecraft:damaged_anvil":3,"minecraft:smooth_sandstone_slab":19,"minecraft:amethyst_block":22,"minecraft:cherry_slab":6,"minecraft:waxed_copper_bulb":9,"minecraft:repeater":14,"minecraft:bamboo_planks":34,"minecraft:wheat":153,"minecraft:waxed_copper_block":66,"minecraft:oak_fence_gate":10,"minecraft:dark_oak_sapling":2,"minecraft:smooth_basalt":1,"minecraft:blue_shulker_box":59,"minecraft:stonecutter":3,"minecraft:deepslate":844,"minecraft:dark_prismarine":3,"minecraft:pink_shulker_box":31,"minecraft:dark_oak_log":43,"minecraft:end_stone":1006,"minecraft:shulker_box":7,"minecraft:crafter":6,"minecraft:nether_bricks":35,"minecraft:spruce_fence":4,"minecraft:jungle_planks":6,"minecraft:crimson_roots":8,"minecraft:orange_shulker_box":23,"minecraft:redstone_wire":61,"minecraft:red_mushroom":4,"minecraft:cartography_table":13,"minecraft:moss_block":25,"minecraft:redstone_ore":8,"minecraft:waxed_oxidized_cut_copper":8,"minecraft:waxed_copper_grate":13,"minecraft:andesite":6,"minecraft:chiseled_tuff":3,"minecraft:potatoes":16,"minecraft:cobblestone_slab":14,"minecraft:rail":269,"minecraft:waxed_weathered_copper_bulb":5,"minecraft:white_wool":4,"minecraft:ender_chest":29,"minecraft:smithing_table":4,"minecraft:oak_slab":17,"minecraft:glass_pane":4,"minecraft:cherry_planks":55,"minecraft:comparator":21,"minecraft:soul_sand":151,"minecraft:observer":3,"minecraft:dandelion":15,"minecraft:copper_door":5,"minecraft:copper_grate":1,"minecraft:smooth_sandstone":1710,"minecraft:cornflower":3,"minecraft:short_grass":403,"minecraft:emerald_ore":3,"minecraft:sponge":1,"minecraft:warped_roots":2,"minecraft:copper_ore":100,"minecraft:purpur_pillar":1,"minecraft:tall_grass":76,"minecraft:deepslate_gold_ore":34,"minecraft:diorite":148,"minecraft:cobblestone_wall":1,"minecraft:spruce_log":30,"minecraft:gravel":139,"minecraft:sunflower":16,"minecraft:dripstone_block":89,"minecraft:cobweb":43,"minecraft:oak_button":8,"minecraft:stone_bricks":5,"minecraft:chipped_anvil":1,"minecraft:black_shulker_box":35,"minecraft:waxed_cut_copper_slab":2,"minecraft:spruce_planks":212,"minecraft:oak_sapling":1,"minecraft:jungle_slab":111,"minecraft:brewing_stand":4,"minecraft:budding_amethyst":2,"minecraft:grass_block":1120,"minecraft:cracked_polished_blackstone_bricks":22,"minecraft:soul_soil":1,"minecraft:frosted_ice":51,"minecraft:tuff_bricks":14,"minecraft:glowstone":8,"minecraft:sculk_catalyst":1,"minecraft:iron_ore":136,"minecraft:polished_tuff":7,"minecraft:anvil":1,"minecraft:azure_bluet":3,"minecraft:dark_oak_stairs":4,"minecraft:pointed_dripstone":22,"minecraft:polished_tuff_slab":2,"minecraft:azalea":2,"minecraft:end_stone_bricks":44,"minecraft:spruce_slab":21,"minecraft:waxed_cut_copper":1,"minecraft:deepslate_redstone_ore":19,"minecraft:copper_bulb":20,"minecraft:jungle_door":5,"minecraft:quartz_block":5,"minecraft:blackstone":124,"minecraft:purpur_stairs":1,"minecraft:jungle_stairs":11,"minecraft:end_stone_brick_slab":1,"minecraft:calcite":1,"minecraft:poppy":5,"minecraft:chest":209,"minecraft:mushroom_stem":12,"minecraft:wither_skeleton_wall_skull":4,"minecraft:nether_quartz_ore":75,"minecraft:cobblestone":307,"minecraft:prismarine":1,"minecraft:wall_torch":38,"minecraft:waxed_chiseled_copper":12,"minecraft:grindstone":4,"minecraft:oak_planks":17,"minecraft:iron_door":7,"minecraft:deepslate_copper_ore":1,"minecraft:pink_petals":22,"minecraft:seagrass":1,"minecraft:red_candle":10,"minecraft:powered_rail":14,"minecraft:dark_oak_door":1,"minecraft:nether_wart_block":27,"minecraft:purpur_block":1,"minecraft:tnt":13,"minecraft:oak_log":25,"minecraft:waxed_oxidized_copper":59,"minecraft:sand":3492,"minecraft:dirt":739,"minecraft:dispenser":11,"minecraft:netherrack":12443,"minecraft:ancient_debris":57,"minecraft:oak_leaves":6,"minecraft:nether_gold_ore":17,"minecraft:tuff":79,"minecraft:dark_oak_leaves":2,"minecraft:deepslate_diamond_ore":46,"minecraft:oak_door":1,"minecraft:glow_lichen":2,"minecraft:lever":7,"minecraft:ladder":3,"minecraft:chiseled_bookshelf":1,"minecraft:decorated_pot":52,"minecraft:heavy_core":1,"minecraft:brown_mushroom_block":90,"minecraft:spruce_leaves":130,"minecraft:sandstone":24,"minecraft:crimson_stem":19,"minecraft:deepslate_brick_slab":20,"minecraft:light_blue_wall_banner":1,"minecraft:oak_trapdoor":1,"minecraft:spruce_sapling":1,"minecraft:furnace":30,"minecraft:carrots":27,"minecraft:nether_sprouts":2,"minecraft:gold_block":9,"minecraft:bell":2,"minecraft:nether_brick_fence":1,"minecraft:bookshelf":772,"minecraft:deepslate_iron_ore":106,"minecraft:packed_ice":7,"minecraft:wet_sponge":64,"minecraft:stone":5640,"minecraft:cherry_stairs":3,"minecraft:redstone_wall_torch":8,"minecraft:scaffolding":88,"minecraft:light_blue_shulker_box":22,"minecraft:waxed_exposed_copper_bulb":2,"minecraft:stripped_dark_oak_log":1,"minecraft:basalt":10,"minecraft:oak_fence":6,"minecraft:crafting_table":46,"minecraft:blackstone_slab":1,"minecraft:lectern":158,"minecraft:red_glazed_terracotta":4,"minecraft:lapis_ore":3,"minecraft:spruce_stairs":58,"minecraft:bamboo_trapdoor":2,"minecraft:waxed_oxidized_copper_grate":4,"minecraft:polished_blackstone_slab":2,"minecraft:redstone_torch":18,"minecraft:white_wall_banner":3,"minecraft:yellow_bed":15,"minecraft:coal_ore":217,"minecraft:flower_pot":2,"minecraft:purple_shulker_box":86,"minecraft:cracked_stone_bricks":3,"minecraft:mossy_stone_bricks":2},"minecraft:killed_by":{"minecraft:warden":1,"minecraft:player":4,"minecraft:enderman":2},"minecraft:custom":{"minecraft:interact_with_crafting_table":284,"minecraft:open_barrel":107,"minecraft:bell_ring":40,"minecraft:leave_game":58,"minecraft:time_since_death":186815,"minecraft:damage_blocked_by_shield":1577,"minecraft:play_time":3754828,"minecraft:deaths":9,"minecraft:jump":47567,"minecraft:enchant_item":3,"minecraft:interact_with_furnace":251,"minecraft:traded_with_villager":362,"minecraft:interact_with_cartography_table":10,"minecraft:sleep_in_bed":122,"minecraft:damage_dealt":250436,"minecraft:interact_with_smoker":55,"minecraft:interact_with_smithing_table":16,"minecraft:inspect_dispenser":44,"minecraft:inspect_dropper":2,"minecraft:interact_with_anvil":82,"minecraft:inspect_hopper":539,"minecraft:sneak_time":271689,"minecraft:interact_with_blast_furnace":111,"minecraft:total_world_time":3754828,"minecraft:interact_with_stonecutter":14,"minecraft:time_since_rest":164574,"minecraft:swim_one_cm":633841,"minecraft:fly_one_cm":11229708,"minecraft:open_chest":3687,"minecraft:fall_one_cm":1447416,"minecraft:animals_bred":39,"minecraft:open_shulker_box":748,"minecraft:damage_resisted":6007,"minecraft:sprint_one_cm":8373676,"minecraft:drop":1707,"minecraft:talked_to_villager":439,"minecraft:interact_with_brewingstand":52,"minecraft:walk_on_water_one_cm":296948,"minecraft:open_enderchest":487,"minecraft:interact_with_beacon":19,"minecraft:player_kills":4,"minecraft:crouch_one_cm":856230,"minecraft:mob_kills":2672,"minecraft:climb_one_cm":227735,"minecraft:walk_one_cm":8280463,"minecraft:raid_win":1,"minecraft:walk_under_water_one_cm":743040,"minecraft:boat_one_cm":536464,"minecraft:raid_trigger":1,"minecraft:pot_flower":2,"minecraft:interact_with_grindstone":7,"minecraft:damage_taken":40989,"minecraft:damage_absorbed":1036,"minecraft:minecart_one_cm":88584,"minecraft:aviate_one_cm":11281552},"minecraft:used":{"minecraft:tuff_bricks":6,"minecraft:heavy_core":1,"minecraft:dispenser":19,"minecraft:spruce_slab":94,"minecraft:ladder":24,"minecraft:elytra":37,"minecraft:poppy":2,"minecraft:black_carpet":159,"minecraft:chest":349,"minecraft:stone":20,"minecraft:white_shulker_box":55,"minecraft:rotten_flesh":12,"minecraft:soul_sand":119,"minecraft:skeleton_spawn_egg":7,"minecraft:crafter":7,"minecraft:jungle_slab":317,"minecraft:deepslate_brick_slab":99,"minecraft:spruce_boat":1,"minecraft:polished_blackstone_slab":2,"minecraft:jungle_sapling":1,"minecraft:honeycomb":14,"minecraft:netherite_shovel":1042,"minecraft:lava_bucket":23,"minecraft:grass_block":1483,"minecraft:orange_shulker_box":23,"minecraft:quartz_block":5,"minecraft:cherry_leaves":9,"minecraft:waxed_exposed_copper_bulb":2,"minecraft:cherry_button":1,"minecraft:dark_oak_button":1,"minecraft:blue_banner":14,"minecraft:bow":263,"minecraft:ominous_bottle":3,"minecraft:furnace":21,"minecraft:oak_sapling":3,"minecraft:egg":30,"minecraft:potato":606,"minecraft:damaged_anvil":2,"minecraft:spider_spawn_egg":28,"minecraft:copper_door":6,"minecraft:diorite":6,"minecraft:mossy_stone_bricks":26,"minecraft:end_stone_bricks":1128,"minecraft:waxed_weathered_copper_bulb":5,"minecraft:powered_rail":21,"minecraft:blackstone":3,"minecraft:smooth_quartz_stairs":11,"minecraft:oak_leaves":125,"minecraft:jungle_boat":6,"minecraft:golden_apple":32,"minecraft:sand":656,"minecraft:blast_furnace":19,"minecraft:netherite_helmet":1,"minecraft:deepslate_brick_stairs":27,"minecraft:enderman_spawn_egg":1,"minecraft:stripped_bamboo_block":15,"minecraft:lectern":164,"minecraft:nether_wart_block":8,"minecraft:diamond_sword":2049,"minecraft:fire_charge":2,"minecraft:smithing_table":6,"minecraft:oak_boat":4,"minecraft:oak_trapdoor":4,"minecraft:enchanting_table":2,"minecraft:stone_sword":26,"minecraft:armor_stand":1,"minecraft:anvil":9,"minecraft:trial_key":18,"minecraft:torch":1002,"minecraft:dragon_egg":1,"minecraft:netherrack":3595,"minecraft:sandstone_wall":28,"minecraft:brewing_stand":4,"minecraft:ancient_debris":1,"minecraft:warped_wart_block":3,"minecraft:jungle_trapdoor":142,"minecraft:nether_brick_stairs":1,"minecraft:oak_fence_gate":17,"minecraft:red_shulker_box":20,"minecraft:chipped_anvil":1,"minecraft:iron_block":659,"minecraft:cherry_slab":11,"minecraft:iron_axe":105,"minecraft:spawner":25,"minecraft:totem_of_undying":2,"minecraft:barrel":22,"minecraft:diamond_chestplate":18,"minecraft:beef":4,"minecraft:cobbled_deepslate":109,"minecraft:observer":1,"minecraft:wheat_seeds":197,"minecraft:water_bucket":183,"minecraft:chiseled_bookshelf":13,"minecraft:light_blue_shulker_box":23,"minecraft:cartography_table":14,"minecraft:smooth_sandstone_slab":324,"minecraft:cherry_planks":71,"minecraft:cracked_stone_bricks":2,"minecraft:fletching_table":9,"minecraft:deepslate_bricks":1021,"minecraft:spruce_fence_gate":16,"minecraft:polished_blackstone_bricks":7,"minecraft:diamond_block":2,"minecraft:polished_deepslate_slab":511,"minecraft:rail":344,"minecraft:tnt":133,"minecraft:comparator":31,"minecraft:oak_slab":29,"minecraft:crafting_table":55,"minecraft:white_bed":89,"minecraft:lime_shulker_box":26,"minecraft:ender_eye":10,"minecraft:diamond_pickaxe":5509,"minecraft:ominous_trial_key":10,"minecraft:diamond_shovel":3379,"minecraft:wind_charge":979,"minecraft:iron_pickaxe":609,"minecraft:spruce_trapdoor":11,"minecraft:spruce_sapling":2,"minecraft:bamboo_slab":16,"minecraft:copper_bulb":11,"minecraft:crimson_sign":18,"minecraft:enchanted_book":24,"minecraft:cobblestone":1148,"minecraft:potion":16,"minecraft:cooked_porkchop":1,"minecraft:porkchop":12,"minecraft:glass_pane":245,"minecraft:end_portal_frame":1,"minecraft:kelp":1,"minecraft:diamond_leggings":2,"minecraft:light_blue_banner":13,"minecraft:cherry_sapling":4,"minecraft:moss_carpet":3,"minecraft:iron_shovel":1103,"minecraft:diamond_hoe":278,"minecraft:bone_block":2,"minecraft:shield":39,"minecraft:nether_wart":67,"minecraft:decorated_pot":8,"minecraft:purple_shulker_box":85,"minecraft:iron_sword":60,"minecraft:zombie_spawn_egg":7,"minecraft:bell":2,"minecraft:smooth_sandstone_stairs":189,"minecraft:iron_chestplate":1,"minecraft:spruce_leaves":17,"minecraft:jungle_planks":7,"minecraft:carrot":554,"minecraft:waxed_copper_grate":29,"minecraft:tuff":17,"minecraft:obsidian":38,"minecraft:glass":1028,"minecraft:waxed_oxidized_copper":2,"minecraft:waxed_oxidized_copper_grate":4,"minecraft:lantern":19,"minecraft:iron_helmet":1,"minecraft:stone_bricks":1,"minecraft:item_frame":8,"minecraft:repeater":42,"minecraft:vault":3,"minecraft:scaffolding":215,"minecraft:jungle_button":9,"minecraft:blue_shulker_box":60,"minecraft:dark_oak_sapling":14,"minecraft:dark_oak_stairs":9,"minecraft:bamboo_trapdoor":2,"minecraft:diamond_boots":7,"minecraft:wither_skeleton_skull":5,"minecraft:stone_pickaxe":14,"minecraft:oak_planks":147,"minecraft:ender_pearl":91,"minecraft:sandstone":2,"minecraft:end_stone_brick_slab":1,"minecraft:sugar_cane":73,"minecraft:diamond_axe":988,"minecraft:white_wool":4,"minecraft:golden_hoe":8,"minecraft:sponge":84,"minecraft:lingering_potion":4,"minecraft:crossbow":5,"minecraft:end_stone":140,"minecraft:shears":90,"minecraft:creeper_spawn_egg":94,"minecraft:waxed_chiseled_copper":20,"minecraft:redstone_torch":72,"minecraft:polished_tuff":1,"minecraft:lever":10,"minecraft:bread":81,"minecraft:dark_oak_log":15,"minecraft:firework_rocket":561,"minecraft:string":9,"minecraft:mace":136,"minecraft:gravel":1,"minecraft:iron_door":3,"minecraft:grindstone":5,"minecraft:oak_fence":25,"minecraft:cherry_boat":21,"minecraft:tropical_fish_bucket":3,"minecraft:bone_meal":402,"minecraft:waxed_copper_bulb":9,"minecraft:experience_bottle":201,"minecraft:netherite_sword":1042,"minecraft:trident":136,"minecraft:flint_and_steel":16,"minecraft:redstone":189,"minecraft:zombie_villager_spawn_egg":2,"minecraft:spruce_planks":1555,"minecraft:ender_chest":33,"minecraft:stone_hoe":1,"minecraft:cooked_chicken":1,"minecraft:oak_door":1,"minecraft:dirt":852,"minecraft:white_carpet":60,"minecraft:hopper":332,"minecraft:spruce_stairs":156,"minecraft:diamond_helmet":3,"minecraft:shulker_box":2,"minecraft:spruce_fence":128,"minecraft:granite":8,"minecraft:dark_oak_planks":94,"minecraft:bamboo_raft":4,"minecraft:bookshelf":38,"minecraft:oak_stairs":26,"minecraft:smooth_sandstone":7395,"minecraft:red_candle":16,"minecraft:waxed_cut_copper_slab":106,"minecraft:golden_carrot":349,"minecraft:minecart":39,"minecraft:netherite_pickaxe":20487,"minecraft:cooked_beef":6,"minecraft:bamboo_planks":34,"minecraft:cooked_mutton":40,"minecraft:quartz_bricks":4,"minecraft:baked_potato":163,"minecraft:iron_golem_spawn_egg":3,"minecraft:netherite_chestplate":18,"minecraft:glass_bottle":18,"minecraft:copper_block":8,"minecraft:brown_mushroom":25,"minecraft:black_shulker_box":34,"minecraft:spruce_sign":6,"minecraft:stonecutter":4,"minecraft:cobblestone_slab":193,"minecraft:waxed_copper_block":47,"minecraft:red_mushroom":1,"minecraft:painting":8,"minecraft:book":44,"minecraft:dark_oak_door":4,"minecraft:smoker":11,"minecraft:flower_pot":1,"minecraft:wooden_hoe":1,"minecraft:apple":65,"minecraft:cracked_polished_blackstone_bricks":7,"minecraft:chicken":3,"minecraft:map":2,"minecraft:netherite_axe":1135,"minecraft:jungle_stairs":15,"minecraft:stone_slab":5,"minecraft:pink_petals":116,"minecraft:crimson_fungus":2,"minecraft:cherry_stairs":6,"minecraft:white_banner":7,"minecraft:bucket":263,"minecraft:jungle_door":4,"minecraft:pink_shulker_box":32,"minecraft:yellow_bed":12,"minecraft:waxed_oxidized_copper_bulb":3,"minecraft:splash_potion":10},"minecraft:dropped":{"minecraft:ominous_bottle":5,"minecraft:porkchop":15,"minecraft:lapis_lazuli":1,"minecraft:cooked_beef":15,"minecraft:glass_bottle":19,"minecraft:diamond":107,"minecraft:crafting_table":2,"minecraft:red_sandstone":1,"minecraft:crossbow":3,"minecraft:weeping_vines":2,"minecraft:glow_berries":1,"minecraft:warped_roots":6,"minecraft:fletching_table":1,"minecraft:cracked_stone_bricks":3,"minecraft:elytra":4,"minecraft:rail":265,"minecraft:leather_helmet":1,"minecraft:red_mushroom":3,"minecraft:emerald":250,"minecraft:red_shulker_box":1,"minecraft:dirt":361,"minecraft:yellow_dye":1,"minecraft:scrape_pottery_sherd":2,"minecraft:netherite_boots":1,"minecraft:gold_nugget":51,"minecraft:bone_meal":54,"minecraft:copper_bulb":1,"minecraft:sunflower":7,"minecraft:phantom_membrane":2,"minecraft:sand":572,"minecraft:sugar":2,"minecraft:white_wool":4,"minecraft:bone":3049,"minecraft:waxed_cut_copper_slab":1,"minecraft:cherry_boat":1,"minecraft:sugar_cane":1154,"minecraft:ancient_debris":25,"minecraft:iron_nugget":3,"minecraft:cooked_chicken":4,"minecraft:golden_chestplate":10,"minecraft:cobbled_deepslate":166,"minecraft:pink_dye":4,"minecraft:netherite_sword":2,"minecraft:obsidian":2,"minecraft:rotten_flesh":2696,"minecraft:oak_planks":12,"minecraft:enchanted_golden_apple":1,"minecraft:end_stone":43,"minecraft:jungle_trapdoor":68,"minecraft:azure_bluet":2,"minecraft:white_bed":25,"minecraft:waxed_copper_block":2,"minecraft:wind_charge":79,"minecraft:tipped_arrow":316,"minecraft:jungle_log":10,"minecraft:hopper":19,"minecraft:leather_boots":4,"minecraft:leather_leggings":5,"minecraft:breeze_rod":9,"minecraft:end_stone_bricks":7,"minecraft:chiseled_tuff":2,"minecraft:glass":32,"minecraft:warped_wart_block":1,"minecraft:crying_obsidian":1,"minecraft:lectern":1,"minecraft:iron_ingot":517,"minecraft:egg":5,"minecraft:crimson_planks":8,"minecraft:enchanted_book":22,"minecraft:golden_boots":9,"minecraft:netherite_pickaxe":16,"minecraft:wheat_seeds":47,"minecraft:tnt":128,"minecraft:smooth_quartz_stairs":1,"minecraft:dripstone_block":67,"minecraft:netherite_chestplate":1,"minecraft:oak_fence":4,"minecraft:feather":15,"minecraft:cobblestone":459,"minecraft:book":2,"minecraft:apple":4,"minecraft:crimson_fence_gate":1,"minecraft:granite":8,"minecraft:purple_dye":1,"minecraft:chainmail_helmet":2,"minecraft:coal":105,"minecraft:golden_apple":56,"minecraft:pufferfish":6,"minecraft:lava_bucket":11,"minecraft:gray_wool":1,"minecraft:golden_carrot":233,"minecraft:ink_sac":11,"minecraft:wooden_hoe":1,"minecraft:rabbit":4,"minecraft:cherry_planks":117,"minecraft:diamond_helmet":4,"minecraft:potion":4,"minecraft:oak_stairs":1,"minecraft:white_banner":7,"minecraft:red_dye":1,"minecraft:mud":2,"minecraft:iron_shovel":1,"minecraft:chainmail_leggings":1,"minecraft:string":206,"minecraft:smooth_sandstone":19,"minecraft:spruce_sapling":8,"minecraft:snow_block":1,"minecraft:furnace":1,"minecraft:moss_carpet":15,"minecraft:soul_soil":1,"minecraft:netherite_ingot":1,"minecraft:stone_sword":3,"minecraft:polished_tuff_slab":1,"minecraft:vault":1,"minecraft:chicken":19,"minecraft:white_carpet":65,"minecraft:polished_deepslate_slab":192,"minecraft:cherry_slab":1,"minecraft:damaged_anvil":2,"minecraft:name_tag":3,"minecraft:spruce_fence":1,"minecraft:light_blue_dye":1,"minecraft:diamond_sword":5,"minecraft:cobblestone_slab":33,"minecraft:potato":28,"minecraft:stone":14,"minecraft:flower_pot":2,"minecraft:spruce_planks":79,"minecraft:diamond_pickaxe":4,"minecraft:yellow_bed":1,"minecraft:redstone_torch":8,"minecraft:stone_bricks":38,"minecraft:spider_eye":89,"minecraft:sandstone":24,"minecraft:bow":130,"minecraft:red_sand":2,"minecraft:magma_block":12,"minecraft:black_wool":60,"minecraft:guster_pottery_sherd":1,"minecraft:moss_block":9,"minecraft:diamond_axe":4,"minecraft:baked_potato":274,"minecraft:golden_pickaxe":1,"minecraft:ender_pearl":20,"minecraft:dark_oak_sapling":2,"minecraft:netherite_upgrade_smithing_template":3,"minecraft:lantern":4,"minecraft:leather":7,"minecraft:jungle_planks":23,"minecraft:flint":12,"minecraft:cracked_polished_blackstone_bricks":1,"minecraft:dark_oak_log":3,"minecraft:mace":10,"minecraft:jungle_button":1,"minecraft:dispenser":2,"minecraft:cornflower":1,"minecraft:mutton":7,"minecraft:crimson_roots":2,"minecraft:polished_blackstone_bricks":7,"minecraft:gold_ingot":1,"minecraft:gravel":104,"minecraft:red_glazed_terracotta":4,"minecraft:blackstone":70,"minecraft:twisting_vines":3,"minecraft:pointed_dripstone":48,"minecraft:diamond_shovel":3,"minecraft:prismarine":2,"minecraft:cooked_mutton":5,"minecraft:honey_bottle":12,"minecraft:carrot":760,"minecraft:chainmail_chestplate":1,"minecraft:poppy":344,"minecraft:rabbit_hide":2,"minecraft:leather_chestplate":4,"minecraft:trident":6,"minecraft:gunpowder":507,"minecraft:lingering_potion":1,"minecraft:chainmail_boots":3,"minecraft:chest":11,"minecraft:basalt":8,"minecraft:powered_rail":8,"minecraft:arrow":2218,"minecraft:scaffolding":64,"minecraft:quartz":146,"minecraft:netherrack":6913,"minecraft:firework_rocket":598,"minecraft:stone_hoe":2,"minecraft:water_bucket":4,"minecraft:bread":11,"minecraft:waxed_oxidized_copper_door":1,"minecraft:golden_helmet":6,"minecraft:cherry_log":47,"minecraft:minecart":13,"minecraft:bookshelf":36,"minecraft:diamond_leggings":4,"minecraft:golden_axe":1,"minecraft:lead":1,"minecraft:polished_tuff":1,"minecraft:copper_ingot":4,"minecraft:ominous_trial_key":17,"minecraft:grass_block":219,"minecraft:stick":36,"minecraft:spruce_fence_gate":1,"minecraft:iron_block":91,"minecraft:blue_dye":1,"minecraft:diorite":3,"minecraft:nether_gold_ore":3,"minecraft:torch":75,"minecraft:repeater":28,"minecraft:light_gray_shulker_box":1,"minecraft:brown_wool":2,"minecraft:waxed_copper_bulb":1,"minecraft:iron_door":2,"minecraft:map":18,"minecraft:jungle_door":8,"minecraft:waxed_oxidized_copper":1,"minecraft:iron_leggings":1,"minecraft:iron_axe":1,"minecraft:pink_petals":5,"minecraft:bucket":16,"minecraft:dandelion":18,"minecraft:redstone":166,"minecraft:anvil":1,"minecraft:tuff_bricks":8,"minecraft:kelp":1,"minecraft:warped_nylium":1,"minecraft:oak_trapdoor":8,"minecraft:ender_chest":1,"minecraft:coarse_dirt":2,"minecraft:nether_wart":34,"minecraft:blaze_rod":3,"minecraft:raw_copper":69,"minecraft:tuff":44,"minecraft:guster_banner_pattern":1,"minecraft:wither_skeleton_skull":4,"minecraft:comparator":18,"minecraft:totem_of_undying":2,"minecraft:shulker_box":3,"minecraft:glass_pane":128,"minecraft:flint_and_steel":1,"minecraft:deepslate_bricks":199,"minecraft:copper_ore":1,"minecraft:filled_map":24,"minecraft:shield":7,"minecraft:trial_key":12,"minecraft:oak_button":7,"minecraft:diamond_chestplate":5,"minecraft:iron_chestplate":1,"minecraft:andesite":2,"minecraft:golden_leggings":12,"minecraft:oak_sapling":1,"minecraft:golden_sword":2,"minecraft:diamond_boots":10,"minecraft:spruce_log":5,"minecraft:beacon":1,"minecraft:stone_pickaxe":1,"minecraft:nether_quartz_ore":5,"minecraft:magma_cream":6,"minecraft:brick":122},"minecraft:crafted":{"minecraft:ender_chest":1,"minecraft:jungle_button":3,"minecraft:black_dye":64,"minecraft:smooth_stone":9,"minecraft:waxed_cut_copper_slab":40,"minecraft:blaze_powder":20,"minecraft:lever":1,"minecraft:bookshelf":48,"minecraft:cooked_mutton":5,"minecraft:shulker_box":9,"minecraft:deepslate_brick_stairs":4,"minecraft:mace":1,"minecraft:glass":384,"minecraft:repeater":10,"minecraft:black_wool":60,"minecraft:white_shulker_box":2,"minecraft:name_tag":4,"minecraft:bamboo_raft":1,"minecraft:glass_bottle":18,"minecraft:waxed_chiseled_copper":12,"minecraft:emerald":132,"minecraft:diamond_axe":1,"minecraft:copper_door":3,"minecraft:smithing_table":1,"minecraft:copper_ingot":75,"minecraft:fletching_table":1,"minecraft:cartography_table":1,"minecraft:lime_shulker_box":1,"minecraft:bamboo_planks":108,"minecraft:lectern":3,"minecraft:compass":12,"minecraft:iron_pickaxe":2,"minecraft:iron_block":42,"minecraft:gold_ingot":56,"minecraft:sandstone":413,"minecraft:netherite_ingot":9,"minecraft:golden_carrot":337,"minecraft:orange_shulker_box":1,"minecraft:wind_charge":1036,"minecraft:globe_banner_pattern":1,"minecraft:waxed_copper_grate":16,"minecraft:blue_shulker_box":1,"minecraft:bone_meal":5372,"minecraft:pink_dye":5,"minecraft:white_carpet":6,"minecraft:lantern":12,"minecraft:spruce_stairs":36,"minecraft:blue_banner":12,"minecraft:spruce_slab":66,"minecraft:red_shulker_box":1,"minecraft:cherry_stairs":4,"minecraft:stone_pickaxe":1,"minecraft:diamond_boots":2,"minecraft:spruce_boat":1,"minecraft:dark_oak_planks":124,"minecraft:coal_block":20,"minecraft:enchanting_table":1,"minecraft:deepslate_brick_slab":126,"minecraft:dark_oak_button":1,"minecraft:enchanted_book":19,"minecraft:jungle_slab":180,"minecraft:bamboo_slab":12,"minecraft:oak_fence_gate":4,"minecraft:copper_bulb":4,"minecraft:golden_apple":1,"minecraft:fermented_spider_eye":1,"minecraft:iron_shovel":1,"minecraft:iron_leggings":1,"minecraft:white_bed":31,"minecraft:oak_planks":340,"minecraft:cobblestone_slab":24,"minecraft:barrel":1,"minecraft:cherry_slab":6,"minecraft:quartz_bricks":4,"minecraft:pink_shulker_box":1,"minecraft:cherry_boat":3,"minecraft:stone":6,"minecraft:light_blue_banner":12,"minecraft:dark_oak_door":3,"minecraft:hopper":27,"minecraft:bow":1,"minecraft:iron_boots":1,"minecraft:comparator":8,"minecraft:chest":94,"minecraft:copper_block":23,"minecraft:netherite_upgrade_smithing_template":14,"minecraft:ender_eye":10,"minecraft:oak_fence":6,"minecraft:smoker":2,"minecraft:oak_slab":12,"minecraft:arrow":80,"minecraft:map":21,"minecraft:crafting_table":11,"minecraft:spruce_planks":120,"minecraft:iron_helmet":2,"minecraft:cherry_button":1,"minecraft:gold_block":1,"minecraft:black_shulker_box":1,"minecraft:tnt":64,"minecraft:yellow_dye":1,"minecraft:emerald_block":7,"minecraft:charcoal":8,"minecraft:iron_chestplate":1,"minecraft:paper":651,"minecraft:purple_dye":2,"minecraft:shield":2,"minecraft:stick":680,"minecraft:light_blue_dye":2,"minecraft:iron_ingot":148,"minecraft:light_blue_shulker_box":1,"minecraft:stone_sword":1,"minecraft:redstone_torch":41,"minecraft:sponge":64,"minecraft:shears":1,"minecraft:cherry_planks":16,"minecraft:coal":90,"minecraft:mossy_stone_bricks":24,"minecraft:furnace":9,"minecraft:blast_furnace":4,"minecraft:jungle_trapdoor":64,"minecraft:end_stone_bricks":1012,"minecraft:diamond_block":7,"minecraft:glass_pane":768,"minecraft:iron_axe":1,"minecraft:chiseled_bookshelf":6,"minecraft:filled_map":12,"minecraft:netherite_scrap":38,"minecraft:minecart":3,"minecraft:sugar":1,"minecraft:red_dye":5,"minecraft:smooth_sandstone_stairs":36,"minecraft:bone_block":501,"minecraft:diamond_sword":2,"minecraft:dark_oak_stairs":24,"minecraft:purple_shulker_box":1,"minecraft:iron_sword":1,"minecraft:smooth_sandstone":1,"minecraft:bucket":12,"minecraft:air":0,"minecraft:jungle_planks":1116,"minecraft:blue_dye":4,"minecraft:smooth_sandstone_slab":46,"minecraft:white_wool":29,"minecraft:gold_nugget":2907,"minecraft:white_dye":7,"minecraft:anvil":1,"minecraft:torch":316,"minecraft:bamboo_trapdoor":10,"minecraft:lapis_lazuli":27,"minecraft:lapis_block":30,"minecraft:firework_rocket":2347},"minecraft:picked_up":{"minecraft:iron_chestplate":2,"minecraft:anvil":3,"minecraft:flower_pot":3,"minecraft:prismarine_shard":16,"minecraft:lead":92,"minecraft:smithing_table":4,"minecraft:stone_slab":47,"minecraft:diamond_sword":9,"minecraft:oak_stairs":2,"minecraft:enchanted_book":21,"minecraft:purple_shulker_box":85,"minecraft:brewing_stand":4,"minecraft:golden_sword":4,"minecraft:amethyst_block":22,"minecraft:string":368,"minecraft:pufferfish":6,"minecraft:cherry_boat":22,"minecraft:diamond_leggings":9,"minecraft:gold_nugget":150,"minecraft:cobbled_deepslate":895,"minecraft:spruce_planks":357,"minecraft:trial_key":30,"minecraft:netherite_upgrade_smithing_template":3,"minecraft:enchanted_golden_apple":4,"minecraft:crimson_sign":9,"minecraft:dark_oak_door":4,"minecraft:golden_helmet":4,"minecraft:bamboo_slab":17,"minecraft:cherry_log":63,"minecraft:waxed_weathered_copper_bulb":5,"minecraft:waxed_copper_grate":11,"minecraft:golden_chestplate":6,"minecraft:cauldron":8,"minecraft:stone_sword":3,"minecraft:honey_bottle":22,"minecraft:tropical_fish":21,"minecraft:iron_block":621,"minecraft:netherite_chestplate":3,"minecraft:waxed_cut_copper":1,"minecraft:blaze_rod":61,"minecraft:sponge":1,"minecraft:magma_block":12,"minecraft:feather":14,"minecraft:cooked_beef":34,"minecraft:iron_door":12,"minecraft:water_bucket":14,"minecraft:jungle_log":13,"minecraft:brown_wool":2,"minecraft:smoker":14,"minecraft:flint":27,"minecraft:netherite_leggings":2,"minecraft:map":12,"minecraft:lantern":2,"minecraft:twisting_vines":3,"minecraft:stripped_bamboo_block":5,"minecraft:chipped_anvil":1,"minecraft:stonecutter":3,"minecraft:guster_banner_pattern":2,"minecraft:diamond_helmet":10,"minecraft:rabbit":4,"minecraft:glowstone_dust":30,"minecraft:moss_block":33,"minecraft:warped_wart_block":1,"minecraft:ink_sac":75,"minecraft:dark_oak_log":46,"minecraft:barrel":2,"minecraft:dispenser":12,"minecraft:lever":10,"minecraft:granite":16,"minecraft:bread":109,"minecraft:music_disc_precipice":2,"minecraft:blue_banner":2,"minecraft:cherry_slab":8,"minecraft:ominous_trial_key":42,"minecraft:crimson_roots":5,"minecraft:diamond_pickaxe":4,"minecraft:spruce_leaves":90,"minecraft:mud":1,"minecraft:crafting_table":56,"minecraft:coarse_dirt":1,"minecraft:ominous_bottle":15,"minecraft:nether_wart":136,"minecraft:leather_leggings":5,"minecraft:music_disc_creator":2,"minecraft:wind_charge":482,"minecraft:cornflower":5,"minecraft:jungle_trapdoor":3,"minecraft:elytra":6,"minecraft:flow_banner_pattern":1,"minecraft:flint_and_steel":1,"minecraft:netherite_scrap":3,"minecraft:white_carpet":4,"minecraft:iron_shovel":5,"minecraft:glass_pane":452,"minecraft:cracked_stone_bricks":5,"minecraft:cartography_table":13,"minecraft:netherite_sword":5,"minecraft:beef":5,"minecraft:chiseled_tuff":5,"minecraft:jungle_sapling":2,"minecraft:iron_nugget":6,"minecraft:poppy":424,"minecraft:spruce_slab":27,"minecraft:minecart":53,"minecraft:guster_pottery_sherd":3,"minecraft:chest":216,"minecraft:copper_ore":27,"minecraft:waxed_oxidized_copper":60,"minecraft:diamond_hoe":2,"minecraft:egg":43,"minecraft:lime_shulker_box":26,"minecraft:sandstone":1860,"minecraft:polished_deepslate_slab":92,"minecraft:stone":246,"minecraft:oak_door":1,"minecraft:copper_bulb":21,"minecraft:amethyst_cluster":50,"minecraft:spruce_fence":4,"minecraft:white_dye":5,"minecraft:flow_pottery_sherd":5,"minecraft:mace":14,"minecraft:carrot":478,"minecraft:redstone":256,"minecraft:netherite_pickaxe":22,"minecraft:music_disc_creator_music_box":1,"minecraft:tnt":5,"minecraft:diamond_chestplate":11,"minecraft:decorated_pot":8,"minecraft:deepslate_bricks":852,"minecraft:diamond_boots":13,"minecraft:gold_ingot":4,"minecraft:flow_armor_trim_smithing_template":2,"minecraft:totem_of_undying":6,"minecraft:tuff_bricks":14,"minecraft:white_shulker_box":54,"minecraft:glow_berries":1,"minecraft:mutton":53,"minecraft:white_wool":261,"minecraft:bone_block":2,"minecraft:rail":502,"minecraft:oxeye_daisy":6,"minecraft:lapis_ore":1,"minecraft:red_glazed_terracotta":8,"minecraft:red_mushroom":4,"minecraft:crafter":7,"minecraft:filled_map":19,"minecraft:oak_log":25,"minecraft:ancient_debris":66,"minecraft:jungle_button":7,"minecraft:golden_boots":12,"minecraft:paper":97,"minecraft:white_banner":14,"minecraft:light_blue_banner":1,"minecraft:apple":66,"minecraft:stone_bricks":6,"minecraft:kelp":1,"minecraft:oak_fence_gate":10,"minecraft:iron_ore":7,"minecraft:glass_bottle":20,"minecraft:iron_sword":4,"minecraft:dark_oak_stairs":5,"minecraft:smooth_basalt":1,"minecraft:waxed_exposed_copper_bulb":2,"minecraft:gravel":122,"minecraft:spruce_sapling":12,"minecraft:spruce_log":30,"minecraft:crying_obsidian":1,"minecraft:polished_tuff":2,"minecraft:dragon_egg":1,"minecraft:leather_helmet":1,"minecraft:firework_rocket":281,"minecraft:diamond_shovel":6,"minecraft:bamboo_trapdoor":12,"minecraft:slime_ball":54,"minecraft:copper_grate":1,"minecraft:redstone_ore":8,"minecraft:diamond_axe":8,"minecraft:gray_wool":1,"minecraft:warped_roots":6,"minecraft:oak_button":7,"minecraft:baked_potato":154,"minecraft:warped_nylium":1,"minecraft:stripped_dark_oak_log":1,"minecraft:hopper":208,"minecraft:ender_pearl":417,"minecraft:shulker_shell":27,"minecraft:wheat":154,"minecraft:ender_chest":29,"minecraft:light_gray_shulker_box":1,"minecraft:potion":22,"minecraft:crimson_planks":8,"minecraft:waxed_cut_copper_slab":3,"minecraft:raw_copper":508,"minecraft:iron_leggings":2,"minecraft:armor_stand":1,"minecraft:red_candle":36,"minecraft:pink_shulker_box":32,"minecraft:red_sand":2,"minecraft:black_shulker_box":35,"minecraft:smooth_stone":3,"minecraft:comparator":41,"minecraft:bucket":19,"minecraft:eye_armor_trim_smithing_template":8,"minecraft:waxed_oxidized_copper_door":1,"minecraft:redstone_torch":55,"minecraft:cobblestone_slab":219,"minecraft:calcite":1,"minecraft:azalea":5,"minecraft:iron_pickaxe":3,"minecraft:smooth_quartz_stairs":1,"minecraft:iron_boots":1,"minecraft:furnace":21,"minecraft:tipped_arrow":384,"minecraft:stick":566,"minecraft:orange_shulker_box":23,"minecraft:jungle_door":13,"minecraft:deepslate_brick_wall":7,"minecraft:oak_fence":10,"minecraft:torch":613,"minecraft:spruce_stairs":58,"minecraft:porkchop":54,"minecraft:pointed_dripstone":71,"minecraft:diorite":154,"minecraft:copper_door":6,"minecraft:quartz_block":9,"minecraft:nether_gold_ore":9,"minecraft:rotten_flesh":3145,"minecraft:music_disc_wait":1,"minecraft:deepslate_brick_stairs":11,"minecraft:obsidian":28,"minecraft:cod":27,"minecraft:cobblestone":6829,"minecraft:blaze_powder":5,"minecraft:enchanting_table":1,"minecraft:pink_petals":126,"minecraft:leather_chestplate":2,"minecraft:repeater":45,"minecraft:magma_cream":17,"minecraft:cherry_planks":229,"minecraft:andesite":7,"minecraft:golden_leggings":9,"minecraft:potato":75,"minecraft:tuff":118,"minecraft:smooth_sandstone_stairs":25,"minecraft:wither_skeleton_skull":9,"minecraft:lapis_lazuli":320,"minecraft:dirt":1332,"minecraft:name_tag":1,"minecraft:leather_boots":8,"minecraft:glass":248,"minecraft:bone":3104,"minecraft:bow":64,"minecraft:wheat_seeds":553,"minecraft:crimson_fence_gate":2,"minecraft:deepslate_brick_slab":22,"minecraft:raw_gold":66,"minecraft:bell":2,"minecraft:grindstone":4,"minecraft:netherite_axe":2,"minecraft:mossy_stone_bricks":2,"minecraft:fletching_table":9,"minecraft:powered_rail":18,"minecraft:prismarine":1,"minecraft:oak_planks":45,"minecraft:stone_hoe":1,"minecraft:scrape_pottery_sherd":3,"minecraft:ghast_tear":1,"minecraft:waxed_oxidized_copper_bulb":3,"minecraft:poisonous_potato":4,"minecraft:waxed_chiseled_copper":11,"minecraft:polished_blackstone_slab":2,"minecraft:sand":3814,"minecraft:bamboo_raft":4,"minecraft:jungle_planks":127,"minecraft:light_blue_shulker_box":22,"minecraft:nether_brick_stairs":3,"minecraft:grass_block":706,"minecraft:spectral_arrow":16,"minecraft:jungle_slab":118,"minecraft:shulker_box":5,"minecraft:dark_prismarine":3,"minecraft:sugar":3,"minecraft:diamond":199,"minecraft:netherite_helmet":2,"minecraft:waxed_oxidized_copper_grate":4,"minecraft:cracked_polished_blackstone_bricks":17,"minecraft:crossbow":8,"minecraft:breeze_rod":329,"minecraft:bone_meal":91,"minecraft:golden_apple":62,"minecraft:emerald":187,"minecraft:oak_sapling":4,"minecraft:netherrack":13893,"minecraft:oak_leaves":192,"minecraft:nether_star":1,"minecraft:charcoal":9,"minecraft:end_stone_bricks":90,"minecraft:lingering_potion":1,"minecraft:waxed_oxidized_cut_copper":8,"minecraft:azure_bluet":6,"minecraft:splash_potion":1,"minecraft:chicken":14,"minecraft:ladder":10,"minecraft:packed_ice":6,"minecraft:brown_mushroom":46,"minecraft:gold_block":8,"minecraft:shield":10,"minecraft:brick":252,"minecraft:oak_trapdoor":3,"minecraft:moss_carpet":17,"minecraft:iron_axe":3,"minecraft:item_frame":2,"minecraft:blackstone":145,"minecraft:oak_boat":4,"minecraft:observer":3,"minecraft:lectern":157,"minecraft:sugar_cane":1050,"minecraft:blue_shulker_box":59,"minecraft:phantom_membrane":12,"minecraft:dark_oak_sapling":11,"minecraft:raw_iron":436,"minecraft:orange_dye":1,"minecraft:end_stone":866,"minecraft:cherry_stairs":4,"minecraft:copper_ingot":6,"minecraft:polished_blackstone_bricks":35,"minecraft:trident":7,"minecraft:dark_oak_planks":34,"minecraft:smooth_sandstone_slab":22,"minecraft:arrow":2800,"minecraft:red_shulker_box":21,"minecraft:golden_hoe":3,"minecraft:jungle_stairs":11,"minecraft:nether_bricks":34,"minecraft:saddle":5,"minecraft:wet_sponge":127,"minecraft:netherite_boots":3,"minecraft:jungle_boat":6,"minecraft:basalt":14,"minecraft:golden_carrot":199,"minecraft:crimson_stem":21,"minecraft:leather":27,"minecraft:waxed_copper_bulb":10,"minecraft:crimson_fungus":3,"minecraft:chainmail_chestplate":1,"minecraft:waxed_copper_block":64,"minecraft:yellow_bed":13,"minecraft:nether_wart_block":22,"minecraft:gunpowder":532,"minecraft:wooden_hoe":1,"minecraft:cooked_mutton":40,"minecraft:smooth_sandstone":3187,"minecraft:rabbit_hide":2,"minecraft:iron_ingot":375,"minecraft:polished_tuff_slab":1,"minecraft:cooked_chicken":12,"minecraft:soul_sand":121,"minecraft:book":4850,"minecraft:scaffolding":198,"minecraft:oak_slab":16,"minecraft:warped_fungus":1,"minecraft:nether_quartz_ore":5,"minecraft:emerald_block":1,"minecraft:bamboo_planks":132,"minecraft:birch_boat":1,"minecraft:dandelion":20,"minecraft:heavy_core":1,"minecraft:quartz":210,"minecraft:dripstone_block":156,"minecraft:lava_bucket":12,"minecraft:amethyst_shard":4,"minecraft:blast_furnace":14,"minecraft:white_bed":61,"minecraft:spider_eye":168,"minecraft:iron_helmet":3,"minecraft:cherry_sapling":4,"minecraft:damaged_anvil":2,"minecraft:end_stone_brick_slab":1,"minecraft:coal":833,"minecraft:sunflower":25},"minecraft:killed":{"minecraft:cave_spider":69,"minecraft:shulker":33,"minecraft:skeleton":282,"minecraft:guardian":5,"minecraft:chicken":4,"minecraft:tropical_fish":7,"minecraft:magma_cube":4,"minecraft:elder_guardian":4,"minecraft:iron_golem":2,"minecraft:pillager":36,"minecraft:zombie":405,"minecraft:cow":1,"minecraft:evoker":4,"minecraft:endermite":1,"minecraft:vindicator":17,"minecraft:husk":211,"minecraft:rabbit":1,"minecraft:wandering_trader":2,"minecraft:ravager":3,"minecraft:breeze":56,"minecraft:enderman":623,"minecraft:zombified_piglin":17,"minecraft:witch":4,"minecraft:spider":27,"minecraft:wither":1,"minecraft:silverfish":2,"minecraft:piglin_brute":9,"minecraft:piglin":24,"minecraft:zombie_villager":2,"minecraft:creeper":315,"minecraft:sheep":20,"minecraft:trader_llama":3,"minecraft:ghast":4,"minecraft:stray":283,"minecraft:blaze":21,"minecraft:armadillo":2,"minecraft:bogged":34,"minecraft:slime":23,"minecraft:phantom":11,"minecraft:drowned":8,"minecraft:bat":2,"minecraft:hoglin":12,"minecraft:squid":22,"minecraft:wither_skeleton":29}},"DataVersion":3953}